-- phpMyAdmin SQL Dump
-- version 5.0.1
-- https://www.phpmyadmin.net/
--
-- Host: 127.0.0.1
-- Generation Time: Aug 12, 2020 at 02:21 PM
-- Server version: 10.4.11-MariaDB
-- PHP Version: 7.4.1

SET SQL_MODE = "NO_AUTO_VALUE_ON_ZERO";
SET AUTOCOMMIT = 0;
START TRANSACTION;
SET time_zone = "+00:00";


/*!40101 SET @OLD_CHARACTER_SET_CLIENT=@@CHARACTER_SET_CLIENT */;
/*!40101 SET @OLD_CHARACTER_SET_RESULTS=@@CHARACTER_SET_RESULTS */;
/*!40101 SET @OLD_COLLATION_CONNECTION=@@COLLATION_CONNECTION */;
/*!40101 SET NAMES utf8mb4 */;

--
-- Database: `eapi`
--

-- --------------------------------------------------------

--
-- Table structure for table `failed_jobs`
--

CREATE TABLE `failed_jobs` (
  `id` bigint(20) UNSIGNED NOT NULL,
  `connection` text COLLATE utf8mb4_unicode_ci NOT NULL,
  `queue` text COLLATE utf8mb4_unicode_ci NOT NULL,
  `payload` longtext COLLATE utf8mb4_unicode_ci NOT NULL,
  `exception` longtext COLLATE utf8mb4_unicode_ci NOT NULL,
  `failed_at` timestamp NOT NULL DEFAULT current_timestamp()
) ENGINE=InnoDB DEFAULT CHARSET=utf8mb4 COLLATE=utf8mb4_unicode_ci;

-- --------------------------------------------------------

--
-- Table structure for table `migrations`
--

CREATE TABLE `migrations` (
  `id` int(10) UNSIGNED NOT NULL,
  `migration` varchar(255) COLLATE utf8mb4_unicode_ci NOT NULL,
  `batch` int(11) NOT NULL
) ENGINE=InnoDB DEFAULT CHARSET=utf8mb4 COLLATE=utf8mb4_unicode_ci;

--
-- Dumping data for table `migrations`
--

INSERT INTO `migrations` (`id`, `migration`, `batch`) VALUES
(1, '2014_10_12_000000_create_users_table', 1),
(2, '2014_10_12_100000_create_password_resets_table', 1),
(3, '2019_08_19_000000_create_failed_jobs_table', 1),
(5, '2020_08_12_112008_create_products_table', 2),
(6, '2020_08_12_112108_create_reviews_table', 2);

-- --------------------------------------------------------

--
-- Table structure for table `password_resets`
--

CREATE TABLE `password_resets` (
  `email` varchar(255) COLLATE utf8mb4_unicode_ci NOT NULL,
  `token` varchar(255) COLLATE utf8mb4_unicode_ci NOT NULL,
  `created_at` timestamp NULL DEFAULT NULL
) ENGINE=InnoDB DEFAULT CHARSET=utf8mb4 COLLATE=utf8mb4_unicode_ci;

-- --------------------------------------------------------

--
-- Table structure for table `products`
--

CREATE TABLE `products` (
  `id` int(10) UNSIGNED NOT NULL,
  `created_at` timestamp NULL DEFAULT NULL,
  `updated_at` timestamp NULL DEFAULT NULL,
  `name` varchar(255) COLLATE utf8mb4_unicode_ci NOT NULL,
  `detail` text COLLATE utf8mb4_unicode_ci NOT NULL,
  `price` int(11) NOT NULL,
  `stock` int(11) NOT NULL,
  `discount` int(11) NOT NULL
) ENGINE=InnoDB DEFAULT CHARSET=utf8mb4 COLLATE=utf8mb4_unicode_ci;

--
-- Dumping data for table `products`
--

INSERT INTO `products` (`id`, `created_at`, `updated_at`, `name`, `detail`, `price`, `stock`, `discount`) VALUES
(1, '2020-08-12 10:15:37', '2020-08-12 10:15:37', 'consequatur', 'Consequatur perferendis consequuntur rerum dolore accusantium nostrum assumenda unde. Qui quia odit eos illo excepturi illo. Dolor neque ex velit quo. Et nobis dolor et minima molestias.', 837, 2, 8),
(2, '2020-08-12 10:15:37', '2020-08-12 10:15:37', 'dolor', 'Possimus harum delectus quisquam sit aspernatur architecto ea facere. Molestiae voluptatem quibusdam sapiente tenetur. Ut numquam hic hic eaque aut esse amet. At mollitia asperiores nam non fugiat rem.', 485, 6, 19),
(3, '2020-08-12 10:15:37', '2020-08-12 10:15:37', 'est', 'Quis at ut molestiae beatae quisquam. Eligendi fugiat perspiciatis consequatur saepe quia. Sint ducimus explicabo similique consectetur velit sit in. Modi ea asperiores in.', 711, 8, 24),
(4, '2020-08-12 10:15:37', '2020-08-12 10:15:37', 'temporibus', 'Distinctio laborum non modi sed voluptas. Et vel molestiae voluptatem ea optio sint voluptatem.', 224, 0, 11),
(5, '2020-08-12 10:15:38', '2020-08-12 10:15:38', 'quo', 'Quia neque quia dolorum rerum odio. Atque aspernatur est porro et quidem ut. Distinctio voluptatem laborum quisquam provident temporibus ut reprehenderit.', 803, 5, 7),
(6, '2020-08-12 10:15:38', '2020-08-12 10:15:38', 'delectus', 'Optio rerum dicta error voluptatem quibusdam. Distinctio veniam iure quibusdam in. Et occaecati reiciendis veritatis neque harum illum. Qui excepturi iusto maiores voluptas numquam et.', 408, 8, 8),
(7, '2020-08-12 10:15:38', '2020-08-12 10:15:38', 'fugit', 'Ea suscipit et molestiae ducimus nulla et. Aperiam est est odio tempore nobis. Recusandae ea labore dignissimos vero qui qui. Ut error exercitationem nemo et.', 262, 4, 20),
(8, '2020-08-12 10:15:38', '2020-08-12 10:15:38', 'qui', 'Vel non consectetur modi consequatur consequuntur. Earum magnam corrupti aut aliquid exercitationem et. Quo assumenda assumenda inventore cum labore. Consequatur tempora velit dolorem.', 297, 4, 7),
(9, '2020-08-12 10:15:38', '2020-08-12 10:15:38', 'alias', 'Provident dolorum voluptates voluptatem ab sit enim ullam. Id nobis aut qui delectus provident expedita minima.', 269, 5, 2),
(10, '2020-08-12 10:15:38', '2020-08-12 10:15:38', 'omnis', 'Facere impedit iste eos vitae dolores ipsam quia. Unde est ut dolor quidem repellat rem consequatur. Pariatur libero necessitatibus rem facere sit atque. Numquam sit odit qui eaque.', 371, 0, 15),
(11, '2020-08-12 10:15:38', '2020-08-12 10:15:38', 'aut', 'Quisquam consequatur totam voluptas maxime molestiae a. Eveniet error sed facilis facilis accusamus error. Et sequi consectetur consequuntur qui dolores qui.', 581, 4, 29),
(12, '2020-08-12 10:15:38', '2020-08-12 10:15:38', 'libero', 'Beatae deleniti in reiciendis tempora quis fuga. Magnam minus consequatur sequi tenetur eum. Repellendus in voluptatum ut et. Sit expedita beatae unde vel.', 633, 8, 11),
(13, '2020-08-12 10:15:38', '2020-08-12 10:15:38', 'odit', 'Ipsam id quia illum accusantium eveniet. Cumque itaque et perferendis vero minima voluptatem cupiditate. Quia odit odio rerum in eligendi.', 761, 8, 24),
(14, '2020-08-12 10:15:38', '2020-08-12 10:15:38', 'in', 'Impedit ut recusandae a dolor et ut ullam. Dolorem nobis est laborum est quaerat quia earum. Non tenetur cumque veniam mollitia maxime exercitationem totam. Et dolor possimus et possimus sequi.', 333, 2, 10),
(15, '2020-08-12 10:15:38', '2020-08-12 10:15:38', 'libero', 'Nam non et itaque molestiae. Voluptatem exercitationem reprehenderit aut accusamus. Amet suscipit laborum quasi. Saepe rerum dicta autem.', 728, 4, 2),
(16, '2020-08-12 10:15:38', '2020-08-12 10:15:38', 'eveniet', 'Nihil reprehenderit quis vitae facere aut ea. Magni ut occaecati illo et est illo adipisci. Optio culpa accusantium omnis non eum facilis rerum et. Necessitatibus voluptates ea ut modi perspiciatis officiis ex.', 424, 4, 21),
(17, '2020-08-12 10:15:38', '2020-08-12 10:15:38', 'quaerat', 'Est sequi facere rerum modi consequatur et. Facere tenetur velit cum in molestiae nisi. Quos iusto numquam omnis eum. Et amet tempora cum blanditiis.', 770, 2, 30),
(18, '2020-08-12 10:15:38', '2020-08-12 10:15:38', 'mollitia', 'Repellendus porro voluptatum explicabo tenetur quis et similique ullam. Similique voluptatum corrupti et. Consectetur eligendi necessitatibus cumque debitis. Laboriosam sint aperiam omnis quisquam consectetur qui odio.', 781, 8, 8),
(19, '2020-08-12 10:15:38', '2020-08-12 10:15:38', 'qui', 'Corrupti veniam et dolorum quisquam. Quaerat quasi ipsa accusamus ex saepe est nesciunt ratione.', 422, 9, 3),
(20, '2020-08-12 10:15:38', '2020-08-12 10:15:38', 'itaque', 'Tenetur eveniet reprehenderit dolores accusantium et molestiae non. Asperiores voluptatum quis tempore quia dolores. Quis consectetur sed deleniti.', 886, 9, 25),
(21, '2020-08-12 10:15:38', '2020-08-12 10:15:38', 'magnam', 'Qui consequatur molestias ut quia voluptatem. Qui assumenda qui minima asperiores facere. Laboriosam et quidem nisi et alias id odit est.', 143, 8, 23),
(22, '2020-08-12 10:15:38', '2020-08-12 10:15:38', 'sed', 'Incidunt maiores illum libero reiciendis. Enim cupiditate quo numquam incidunt voluptatibus. Omnis doloribus alias sed qui sit totam.', 377, 8, 30),
(23, '2020-08-12 10:15:38', '2020-08-12 10:15:38', 'culpa', 'Est tenetur rerum temporibus ut assumenda vero. Qui earum aut suscipit totam id molestiae dicta consequatur. Sapiente id fugiat molestiae blanditiis cumque qui tempore. Et fuga ipsum ex in. Quo excepturi reiciendis aut placeat laboriosam quis.', 709, 2, 4),
(24, '2020-08-12 10:15:38', '2020-08-12 10:15:38', 'magnam', 'Sequi quos dignissimos qui sed sit architecto. Sed quae eos aut expedita dolore omnis. Aut quasi et itaque consequuntur iusto.', 290, 0, 7),
(25, '2020-08-12 10:15:38', '2020-08-12 10:15:38', 'vero', 'Animi quo est architecto. Sunt laborum mollitia minima rem aliquid. Praesentium impedit soluta non molestias labore repellendus amet. Magni non est perspiciatis cupiditate quibusdam id perspiciatis eum.', 265, 9, 11),
(26, '2020-08-12 10:15:38', '2020-08-12 10:15:38', 'accusantium', 'Veritatis explicabo modi et qui dolorum sint eaque. Saepe assumenda maxime id consequatur. Tenetur aut quaerat delectus quos dignissimos. Eos animi animi eum labore ut quae.', 149, 7, 22),
(27, '2020-08-12 10:15:38', '2020-08-12 10:15:38', 'autem', 'Amet quis quo aut est aut. Provident consequatur dignissimos quod hic reprehenderit aliquam. Voluptatibus eius voluptatem reprehenderit voluptas enim sit nobis voluptatum. Sint provident quod ipsa optio.', 914, 4, 28),
(28, '2020-08-12 10:15:38', '2020-08-12 10:15:38', 'sit', 'Aperiam et nihil voluptas quia. Ea eum atque perspiciatis voluptatem eaque ea id. Dolorem cum aut modi quaerat sit eligendi inventore. Harum quos non sunt veritatis quos.', 505, 5, 20),
(29, '2020-08-12 10:15:38', '2020-08-12 10:15:38', 'aspernatur', 'Qui similique voluptatem quis ab. Quis quod facilis rerum et quia magni. Modi voluptatem magni vitae dicta veniam qui.', 228, 8, 18),
(30, '2020-08-12 10:15:38', '2020-08-12 10:15:38', 'officiis', 'Nihil dolor magnam nihil inventore. Quae vel iure officiis qui ut autem. Autem excepturi maiores quidem libero quo odit.', 491, 5, 22),
(31, '2020-08-12 10:15:38', '2020-08-12 10:15:38', 'ducimus', 'Et quia dolorum occaecati facilis. Nihil deserunt qui alias et repellat sint. Sed repellat qui et error maiores. Sunt adipisci reiciendis modi.', 628, 0, 22),
(32, '2020-08-12 10:15:39', '2020-08-12 10:15:39', 'quam', 'Omnis autem quaerat quis. Perspiciatis omnis modi est tempore. Explicabo ut quod quia qui et. Harum perferendis ut quis nulla.', 641, 9, 14),
(33, '2020-08-12 10:15:39', '2020-08-12 10:15:39', 'veritatis', 'Ut quia cumque esse facilis. Voluptas quas facere distinctio in suscipit distinctio. Facilis dolorem architecto quas voluptatem recusandae tempora. Doloribus iure voluptatem deserunt aspernatur.', 836, 8, 5),
(34, '2020-08-12 10:15:39', '2020-08-12 10:15:39', 'sint', 'Impedit ipsam iure quia. Qui ut perspiciatis qui.', 979, 6, 26),
(35, '2020-08-12 10:15:39', '2020-08-12 10:15:39', 'qui', 'Laborum est quis illo fugit autem porro sit. Id sunt alias iusto rerum. Aliquid veritatis dolores alias. Rerum facere velit voluptas et quos dolore similique.', 756, 8, 26),
(36, '2020-08-12 10:15:39', '2020-08-12 10:15:39', 'fugiat', 'Quasi quaerat praesentium non corporis. Non molestiae sed architecto magni. Tenetur voluptatem aliquid hic ut.', 339, 2, 30),
(37, '2020-08-12 10:15:39', '2020-08-12 10:15:39', 'qui', 'Quia aut laborum eos ut. Ut aut omnis sint sed repellat est. Debitis praesentium eum inventore unde alias. Velit ut dolorem eligendi libero officia nobis.', 415, 7, 2),
(38, '2020-08-12 10:15:39', '2020-08-12 10:15:39', 'in', 'Omnis omnis deleniti voluptates est ut. Est dicta quo et distinctio iure assumenda. Quis libero itaque eum magni.', 377, 7, 27),
(39, '2020-08-12 10:15:39', '2020-08-12 10:15:39', 'vel', 'Enim molestiae esse debitis illum. Consequatur illum natus voluptate iusto. Perferendis inventore natus voluptatem.', 564, 5, 11),
(40, '2020-08-12 10:15:39', '2020-08-12 10:15:39', 'et', 'Enim vel quae velit sit rerum. Totam omnis ab nihil unde est. Molestias omnis et sed dolorum quae voluptatem porro qui.', 793, 0, 29),
(41, '2020-08-12 10:15:39', '2020-08-12 10:15:39', 'architecto', 'Esse sed qui quia numquam. Qui praesentium hic quia quis est in aut. Cum ut nisi deserunt magni. Repellat necessitatibus quae recusandae.', 383, 6, 24),
(42, '2020-08-12 10:15:39', '2020-08-12 10:15:39', 'corrupti', 'Sit aliquid autem atque voluptas ea consectetur eius illo. Magni nam voluptatibus omnis officia. Quod magni natus corporis voluptatum vel iusto sint.', 944, 7, 7),
(43, '2020-08-12 10:15:39', '2020-08-12 10:15:39', 'officiis', 'Nesciunt est occaecati illo ab. Maiores fuga nulla doloribus ex natus. Id velit ex asperiores quidem rem assumenda.', 327, 4, 4),
(44, '2020-08-12 10:15:39', '2020-08-12 10:15:39', 'illo', 'Iusto non architecto illum nam. Laborum aspernatur nihil rerum. Rerum ipsa iusto iure facilis.', 657, 9, 13),
(45, '2020-08-12 10:15:39', '2020-08-12 10:15:39', 'natus', 'Deserunt adipisci voluptas eligendi laudantium. Nobis rem dolor quam dolorem omnis reprehenderit quo. Odit ab praesentium sit minima ipsum. Sequi sit perspiciatis minus voluptatum id hic rerum.', 687, 0, 17),
(46, '2020-08-12 10:15:39', '2020-08-12 10:15:39', 'animi', 'Repellat numquam culpa molestias dolore laboriosam quisquam. Est voluptatum reiciendis est rerum minus ut quis. Ullam ut harum ipsa id omnis quo.', 774, 6, 14),
(47, '2020-08-12 10:15:39', '2020-08-12 10:15:39', 'ut', 'Et minus deleniti quia dolor. Autem qui ducimus ut voluptatum autem. Vel expedita culpa vel quibusdam culpa aut.', 932, 0, 2),
(48, '2020-08-12 10:15:39', '2020-08-12 10:15:39', 'incidunt', 'Voluptas et aliquid possimus eligendi ea deleniti praesentium. Aperiam esse quis temporibus sint odit veritatis laudantium. Exercitationem expedita qui non fugit et est dignissimos.', 617, 1, 28),
(49, '2020-08-12 10:15:39', '2020-08-12 10:15:39', 'aspernatur', 'Sed aut harum qui qui ut quae. Expedita voluptate velit minima repellendus consequatur delectus. Ut aut provident ut est soluta animi. Modi voluptates laborum quia dolorem recusandae recusandae temporibus voluptatibus.', 795, 7, 20),
(50, '2020-08-12 10:15:39', '2020-08-12 10:15:39', 'est', 'Praesentium vel est reiciendis molestiae esse quas dolores. Id eum odio consequatur odio ad. A maiores voluptatem accusantium tempore.', 974, 6, 29),
(51, '2020-08-12 10:18:01', '2020-08-12 10:18:01', 'est', 'Tempora ab aut ut dolor ut ipsum aut. Rerum rerum veritatis deleniti quisquam tempore expedita itaque quo. Incidunt ea rerum vel modi. Dolorum minima in et cupiditate atque animi qui.', 367, 2, 23),
(52, '2020-08-12 10:18:01', '2020-08-12 10:18:01', 'iure', 'Animi maxime in et perferendis consectetur. Inventore quia eos officia iure dolor ut ipsum. Hic ea alias a velit in. Blanditiis consequatur repudiandae consequatur mollitia.', 203, 1, 27),
(53, '2020-08-12 10:18:02', '2020-08-12 10:18:02', 'consequatur', 'Suscipit dolore occaecati incidunt. Quis est laudantium neque iure rem ratione. Quia veritatis doloremque rem molestiae distinctio enim. Voluptatem officiis dolore voluptatum blanditiis. Aut doloribus est est totam sapiente rem.', 950, 7, 6),
(54, '2020-08-12 10:18:02', '2020-08-12 10:18:02', 'minima', 'Amet est qui earum nobis animi facilis voluptas. Voluptates enim quo quisquam illo. Unde doloremque eaque necessitatibus dicta deleniti nihil enim. Dolor eius ea perferendis optio et saepe architecto iste.', 627, 4, 10),
(55, '2020-08-12 10:18:02', '2020-08-12 10:18:02', 'illum', 'Excepturi natus laborum quia ipsum. Non est qui est vel omnis qui qui. Sed magnam accusantium ipsum velit earum quam maiores. Aut labore officiis error animi.', 565, 0, 19),
(56, '2020-08-12 10:18:02', '2020-08-12 10:18:02', 'et', 'Exercitationem rerum et consequatur ab error. Et non eum id ut iste quasi sed. Et voluptatum a dolores sequi quia libero soluta. Nemo a sequi tempore sit. Culpa sit repudiandae sunt quibusdam dolor odio.', 409, 2, 29),
(57, '2020-08-12 10:18:02', '2020-08-12 10:18:02', 'dolore', 'Sequi distinctio ut ad cum rerum cumque. Quis modi voluptas vel sit. Molestiae quidem ex eos provident ducimus maxime doloribus.', 483, 7, 24),
(58, '2020-08-12 10:18:02', '2020-08-12 10:18:02', 'atque', 'Sit ut ipsam eveniet et voluptate. Est ut consequatur voluptatum quibusdam. Voluptatem accusantium distinctio non blanditiis molestiae ut.', 519, 9, 24),
(59, '2020-08-12 10:18:02', '2020-08-12 10:18:02', 'dolorem', 'Nihil laborum quisquam aut ut saepe. Praesentium hic aut accusantium quo non rerum. Est voluptatibus qui molestiae suscipit.', 293, 3, 10),
(60, '2020-08-12 10:18:02', '2020-08-12 10:18:02', 'provident', 'Ducimus et dicta quam aut qui. Ipsam excepturi rem consectetur corporis dicta. Consequatur molestiae quos repellat beatae et et deleniti. Dolorem cupiditate consequuntur et.', 774, 5, 6),
(61, '2020-08-12 10:18:02', '2020-08-12 10:18:02', 'ducimus', 'Et illum reprehenderit consequuntur pariatur officia voluptas nobis. Natus non non dolore eum. Minima qui voluptatibus voluptas consequuntur eius minus eius molestiae. Quos molestias earum ea tempora et quo aut.', 349, 7, 10),
(62, '2020-08-12 10:18:02', '2020-08-12 10:18:02', 'qui', 'Provident non commodi vero quia blanditiis numquam. Ut non blanditiis quidem est excepturi placeat. Velit est sit sapiente facilis.', 581, 7, 9),
(63, '2020-08-12 10:18:02', '2020-08-12 10:18:02', 'quaerat', 'Ipsam cupiditate consectetur quae voluptatum. Dolorum et et nam cupiditate. Enim consectetur et dolorem non. Tempora nobis quaerat qui nam.', 937, 0, 27),
(64, '2020-08-12 10:18:02', '2020-08-12 10:18:02', 'excepturi', 'Neque est unde nam. Odio perferendis quia iusto animi quia nihil modi. Earum quas ut sunt. Voluptate omnis in omnis rerum odio.', 779, 4, 30),
(65, '2020-08-12 10:18:02', '2020-08-12 10:18:02', 'ut', 'Est ut eaque nulla tempore. Delectus autem odit sit est nemo culpa. Dolorum possimus sunt animi quae excepturi et hic magni. Expedita possimus vel quasi illo aliquam.', 708, 6, 17),
(66, '2020-08-12 10:18:02', '2020-08-12 10:18:02', 'facilis', 'Commodi voluptate sint rem nostrum est pariatur. Enim provident est iure aliquam odit provident saepe.', 945, 1, 3),
(67, '2020-08-12 10:18:02', '2020-08-12 10:18:02', 'sapiente', 'Omnis tenetur ipsam blanditiis ullam. Modi quidem facere non perspiciatis quia. Ut ut sequi modi ratione minus minima eos natus.', 919, 3, 4),
(68, '2020-08-12 10:18:02', '2020-08-12 10:18:02', 'hic', 'Nihil ea aut eum. Est quo odio quod voluptate aliquam id sed consectetur.', 394, 5, 20),
(69, '2020-08-12 10:18:02', '2020-08-12 10:18:02', 'doloribus', 'Ab deleniti iure numquam est. Et qui quod aut perferendis voluptatibus hic. Dolore reiciendis architecto eos velit animi laudantium.', 687, 0, 14),
(70, '2020-08-12 10:18:02', '2020-08-12 10:18:02', 'ut', 'Qui dolor est eius. Ipsam eum aperiam labore omnis. Ut repellendus consectetur praesentium tempora eum et fuga. Itaque neque in minus sunt. Dolorem inventore voluptas et est in provident.', 849, 3, 5),
(71, '2020-08-12 10:18:02', '2020-08-12 10:18:02', 'beatae', 'Corporis fuga voluptatem odit rerum et non saepe. Impedit accusantium animi consectetur sit et assumenda labore. Quod quo et vel aut.', 503, 9, 18),
(72, '2020-08-12 10:18:02', '2020-08-12 10:18:02', 'excepturi', 'Animi suscipit voluptate inventore libero labore voluptatum. Ipsam eius aut ea qui debitis reiciendis. Culpa doloremque ullam est doloremque. Est sit sit sunt recusandae et.', 271, 7, 17),
(73, '2020-08-12 10:18:02', '2020-08-12 10:18:02', 'ut', 'Qui non ratione reprehenderit facilis. Beatae id harum est sapiente sint rerum. Officiis est nam quae qui.', 287, 6, 14),
(74, '2020-08-12 10:18:02', '2020-08-12 10:18:02', 'dolorum', 'Autem sunt porro nam qui. Fugit soluta et rerum similique sint. Dolor veniam autem voluptas qui ratione provident quis.', 994, 9, 6),
(75, '2020-08-12 10:18:02', '2020-08-12 10:18:02', 'hic', 'Omnis laboriosam vel perspiciatis. Omnis incidunt ratione et blanditiis illo iure harum. Itaque aut repellat ut omnis ipsum laborum sint similique.', 765, 5, 28),
(76, '2020-08-12 10:18:03', '2020-08-12 10:18:03', 'est', 'Perferendis quia praesentium sequi. Qui quia quia earum voluptates labore placeat.', 132, 3, 26),
(77, '2020-08-12 10:18:03', '2020-08-12 10:18:03', 'qui', 'Voluptatibus est reiciendis voluptate est laboriosam iusto. Possimus sit molestiae voluptatibus voluptas culpa doloremque necessitatibus. Dolorem assumenda et sed qui est. Id fugiat sed rerum enim dolores doloribus aspernatur.', 774, 3, 20),
(78, '2020-08-12 10:18:03', '2020-08-12 10:18:03', 'ut', 'Quos cupiditate consequatur quaerat qui aut suscipit. In sit sit quis.', 966, 2, 14),
(79, '2020-08-12 10:18:03', '2020-08-12 10:18:03', 'et', 'Velit quidem id id iure. Placeat fugit fugit molestiae molestiae est qui. Libero commodi reprehenderit unde facilis eveniet eum. Accusamus perspiciatis nam quas alias nihil sed.', 621, 0, 7),
(80, '2020-08-12 10:18:03', '2020-08-12 10:18:03', 'quae', 'Sunt aut quae minima porro ea numquam cumque tempora. Sit quo illo sint eveniet. Quo ut porro ut et. Soluta sunt exercitationem qui ut.', 855, 3, 8),
(81, '2020-08-12 10:18:03', '2020-08-12 10:18:03', 'molestias', 'Quo adipisci numquam quis quis a. Ducimus beatae voluptatem aut illum. Et blanditiis cumque quibusdam amet dolorem.', 490, 7, 5),
(82, '2020-08-12 10:18:03', '2020-08-12 10:18:03', 'quod', 'Quia assumenda molestias rerum voluptas dolores placeat aperiam. Magnam et ratione quis in est porro.', 442, 2, 13),
(83, '2020-08-12 10:18:03', '2020-08-12 10:18:03', 'impedit', 'Voluptatem et est velit voluptatem. Ex sapiente incidunt reprehenderit doloremque consequatur aperiam sit. Minus saepe quibusdam consequatur voluptas veritatis alias.', 748, 5, 20),
(84, '2020-08-12 10:18:03', '2020-08-12 10:18:03', 'nam', 'Consectetur corporis nihil cupiditate sint voluptas ut omnis. Qui ab ut omnis vero nisi tempore. Dolores voluptatem consequatur deserunt sint.', 938, 5, 22),
(85, '2020-08-12 10:18:03', '2020-08-12 10:18:03', 'placeat', 'Molestias omnis quam asperiores similique aliquid minus eum. Ad qui quibusdam eius nihil ad minus est.', 956, 1, 12),
(86, '2020-08-12 10:18:03', '2020-08-12 10:18:03', 'ab', 'Cumque rerum ducimus at dolorum quisquam minima excepturi. Nemo quas ab dolor molestiae voluptatum sequi. Ullam itaque sapiente id excepturi totam ad animi.', 396, 9, 29),
(87, '2020-08-12 10:18:03', '2020-08-12 10:18:03', 'sit', 'Exercitationem aut temporibus perspiciatis voluptatem. Ut repellat ut minus excepturi numquam sequi quo.', 484, 2, 28),
(88, '2020-08-12 10:18:03', '2020-08-12 10:18:03', 'id', 'Quia officia eum atque fugit eum. Numquam perspiciatis nobis fugit voluptas culpa.', 214, 6, 26),
(89, '2020-08-12 10:18:03', '2020-08-12 10:18:03', 'facere', 'Voluptas possimus vitae eos maxime quis. Tempore commodi rerum est sequi aliquid qui et. Id dolores reprehenderit sed possimus assumenda accusamus. Molestiae error ab adipisci et velit consequatur.', 990, 6, 13),
(90, '2020-08-12 10:18:03', '2020-08-12 10:18:03', 'et', 'Rem quas nesciunt occaecati cumque nihil repellendus. Cupiditate laborum sed quas ipsa sit culpa. Ut quibusdam quia quia. Autem porro esse minus officiis quis hic.', 683, 8, 28),
(91, '2020-08-12 10:18:03', '2020-08-12 10:18:03', 'est', 'Omnis nesciunt voluptate facere est atque. Quia veritatis necessitatibus dolor suscipit. Necessitatibus iure sunt eos impedit debitis consequatur odit necessitatibus. Magni alias veniam omnis aut minus inventore repellat.', 160, 0, 16),
(92, '2020-08-12 10:18:03', '2020-08-12 10:18:03', 'est', 'Magni qui omnis ea ea similique. Non voluptatibus esse temporibus sint. Doloremque repudiandae laudantium voluptatem porro adipisci est non. Facilis itaque reprehenderit iure doloremque. Hic ut mollitia adipisci.', 189, 6, 27),
(93, '2020-08-12 10:18:03', '2020-08-12 10:18:03', 'aut', 'Amet a qui atque ut odio ullam praesentium nulla. Nihil et voluptates vel et. Nam nesciunt corporis ducimus quis. Ut laboriosam laudantium similique eos.', 863, 7, 29),
(94, '2020-08-12 10:18:03', '2020-08-12 10:18:03', 'architecto', 'Suscipit vitae hic et ratione sit iure hic. Fugit officia est iste enim aliquam est. Nesciunt possimus deleniti autem. Nisi quisquam vel eligendi sed voluptatum qui at.', 151, 2, 3),
(95, '2020-08-12 10:18:03', '2020-08-12 10:18:03', 'eum', 'Harum aut velit numquam necessitatibus non nemo natus. Eligendi voluptatem ipsum voluptas ad odio. Doloremque eligendi vero doloremque possimus id. Voluptatum at sequi a asperiores quia porro.', 960, 4, 9),
(96, '2020-08-12 10:18:03', '2020-08-12 10:18:03', 'blanditiis', 'Et eligendi quos exercitationem aliquam rerum. Sapiente sunt aspernatur recusandae quo. Sapiente voluptatem hic qui fugiat ea atque omnis.', 971, 5, 17),
(97, '2020-08-12 10:18:03', '2020-08-12 10:18:03', 'aut', 'Expedita non ut explicabo et et omnis. Et magnam quaerat ut voluptatem vero ullam earum velit. Velit at inventore iure dolore consequatur explicabo. Esse debitis tenetur perferendis fugiat.', 507, 7, 25),
(98, '2020-08-12 10:18:04', '2020-08-12 10:18:04', 'aut', 'Velit consectetur in ipsam doloremque quas omnis incidunt. Amet perspiciatis quia labore natus et. Et nihil in aspernatur explicabo rem cum.', 221, 8, 6),
(99, '2020-08-12 10:18:04', '2020-08-12 10:18:04', 'aperiam', 'Ut facilis ea unde asperiores voluptatem sed sit sequi. Mollitia odio quisquam nihil. Hic aliquam ut nulla quia qui est ea consequatur.', 465, 9, 30),
(100, '2020-08-12 10:18:04', '2020-08-12 10:18:04', 'voluptatem', 'Consectetur voluptatum et praesentium saepe reprehenderit et. Nostrum aut minus voluptates. Est qui ut sunt necessitatibus molestiae possimus.', 860, 8, 26),
(101, '2020-08-12 10:18:57', '2020-08-12 10:18:57', 'occaecati', 'Est a neque amet. Nihil sint consequatur quos molestias. Consequatur nisi maxime nihil tenetur. Tenetur molestiae tempora id neque voluptatibus ipsum in.', 948, 8, 18),
(102, '2020-08-12 10:18:57', '2020-08-12 10:18:57', 'itaque', 'Dolorum quis accusantium qui. Soluta quia totam non ad et. Rem doloribus repellat ab eius quos aut. Molestiae laboriosam eveniet ab ea. Eligendi dignissimos libero quia velit.', 911, 9, 27),
(103, '2020-08-12 10:18:57', '2020-08-12 10:18:57', 'dolorem', 'Distinctio id minus eaque deserunt autem. Exercitationem omnis accusamus dolor possimus sit omnis illum commodi.', 704, 0, 10),
(104, '2020-08-12 10:18:57', '2020-08-12 10:18:57', 'quia', 'Illum explicabo id commodi et. Blanditiis odio aliquid blanditiis odio velit ullam occaecati. Cupiditate aut voluptates voluptatum officiis placeat.', 305, 6, 14),
(105, '2020-08-12 10:18:57', '2020-08-12 10:18:57', 'doloremque', 'Distinctio quia iure vitae in in nihil ut. Distinctio est in enim voluptatibus. Sint eveniet consequuntur autem suscipit ut voluptas. Quae delectus dignissimos non aut.', 973, 1, 9),
(106, '2020-08-12 10:18:57', '2020-08-12 10:18:57', 'non', 'Perspiciatis repellendus non voluptas qui commodi possimus ut rerum. Alias aliquid rem omnis est reiciendis id. Dolorem quia eum qui corporis minima. Tenetur earum laudantium quidem voluptatem magni similique.', 101, 0, 17),
(107, '2020-08-12 10:18:57', '2020-08-12 10:18:57', 'dolorem', 'Qui ut blanditiis sed earum. Ut officiis quas velit. Molestiae dolor illum corporis quae voluptates quos cum. Velit nesciunt fugiat qui rerum autem et voluptas.', 213, 2, 18),
(108, '2020-08-12 10:18:57', '2020-08-12 10:18:57', 'voluptatem', 'Excepturi in accusantium voluptatem et at nemo. Et qui dolorum excepturi asperiores eligendi blanditiis. Suscipit laboriosam dolor odit sunt nostrum cum aliquid. Ex corrupti facere sed aspernatur repellendus voluptas.', 263, 3, 4),
(109, '2020-08-12 10:18:57', '2020-08-12 10:18:57', 'sit', 'Rerum aliquam assumenda est et iure dignissimos. Voluptatum corrupti saepe alias cum est. Et dolor corporis repellendus dolores.', 397, 2, 26),
(110, '2020-08-12 10:18:57', '2020-08-12 10:18:57', 'unde', 'Eveniet dolores qui nihil quos rerum rem accusamus. Harum velit voluptas officia animi ut. Harum vel est quia. Voluptatibus totam distinctio soluta laboriosam magni.', 846, 6, 14),
(111, '2020-08-12 10:18:57', '2020-08-12 10:18:57', 'et', 'Mollitia sed non velit omnis ad. Quam officiis sapiente consectetur ex id perferendis. Nulla amet tempore sed consequatur impedit impedit modi.', 911, 7, 30),
(112, '2020-08-12 10:18:57', '2020-08-12 10:18:57', 'eaque', 'Eius pariatur unde consequatur fugit nam. Reprehenderit amet enim assumenda et. Dolorem impedit ipsam et ab. Cum magni quae quia quia.', 238, 9, 16),
(113, '2020-08-12 10:18:57', '2020-08-12 10:18:57', 'et', 'Iste libero quis deserunt et sed. Rerum autem nulla iusto iste. Eligendi eos totam fugit aliquid molestiae esse ut. Autem placeat enim sapiente esse officiis doloribus numquam. Exercitationem tempore suscipit et voluptatibus adipisci qui quod.', 557, 9, 4),
(114, '2020-08-12 10:18:57', '2020-08-12 10:18:57', 'modi', 'Voluptates laborum architecto odit nobis et aliquid quaerat. Perferendis assumenda recusandae nostrum voluptate aperiam repudiandae numquam quo. Exercitationem est distinctio modi reprehenderit perspiciatis delectus.', 961, 8, 16),
(115, '2020-08-12 10:18:58', '2020-08-12 10:18:58', 'quisquam', 'Fugit voluptate eum qui blanditiis laborum. Tenetur officiis eos sunt soluta. Maiores delectus voluptate facilis numquam maiores laboriosam asperiores. Delectus omnis vel cum adipisci officia deserunt et.', 657, 7, 25),
(116, '2020-08-12 10:18:58', '2020-08-12 10:18:58', 'eum', 'Quasi voluptatem ullam ut commodi unde possimus nostrum. Maiores molestiae hic voluptatum nulla. Inventore quidem similique aut non enim vel. Laudantium quaerat sit dignissimos veniam fugit fugiat inventore.', 739, 1, 10),
(117, '2020-08-12 10:18:58', '2020-08-12 10:18:58', 'corrupti', 'Aut sit autem voluptas alias. Harum quisquam tempore qui vel. Rerum temporibus reprehenderit eos. Vel harum deleniti voluptatibus et quo.', 721, 7, 23),
(118, '2020-08-12 10:18:58', '2020-08-12 10:18:58', 'vero', 'Aut quis natus sunt eos voluptatem error voluptatem. Reiciendis quos qui dolore delectus. Eligendi commodi expedita aut temporibus autem id minus. Est cum quia voluptas optio error explicabo.', 555, 0, 2),
(119, '2020-08-12 10:18:58', '2020-08-12 10:18:58', 'excepturi', 'At et dolorem saepe est maiores provident quas. Ad quo placeat sint exercitationem officia.', 241, 9, 26),
(120, '2020-08-12 10:18:58', '2020-08-12 10:18:58', 'voluptas', 'Non aut expedita voluptas. Modi voluptate vel deleniti culpa pariatur et omnis. In aspernatur provident omnis magni alias sed non enim. Repudiandae tempora consequuntur voluptatibus quo.', 258, 2, 6),
(121, '2020-08-12 10:18:58', '2020-08-12 10:18:58', 'nobis', 'Accusantium ipsum in quasi dolorum eaque neque ut. Deserunt velit architecto error eos.', 564, 7, 15),
(122, '2020-08-12 10:18:58', '2020-08-12 10:18:58', 'temporibus', 'Dicta placeat voluptas culpa iure temporibus unde. Et et ad et et accusantium ullam. Nihil iste assumenda eum et autem impedit et. Quia beatae vel debitis ipsa.', 433, 2, 7),
(123, '2020-08-12 10:18:58', '2020-08-12 10:18:58', 'ut', 'Velit delectus dolore tempore necessitatibus voluptas odit. Sit modi explicabo eius quisquam. Enim officiis et odit doloribus. Quidem at dolor ut fuga omnis.', 507, 2, 16),
(124, '2020-08-12 10:18:58', '2020-08-12 10:18:58', 'doloribus', 'Eaque expedita inventore illum saepe aut doloremque repellendus. Fugit et ut laudantium animi optio. Est reprehenderit voluptate perspiciatis dicta optio.', 715, 7, 29),
(125, '2020-08-12 10:18:58', '2020-08-12 10:18:58', 'ut', 'Non nihil id excepturi nihil inventore. Dolores qui et ratione consectetur. Neque ea natus voluptatibus impedit unde accusantium ab.', 337, 8, 23),
(126, '2020-08-12 10:18:58', '2020-08-12 10:18:58', 'ab', 'Deleniti accusamus beatae sed eum id consequuntur eos. Animi perspiciatis rerum nisi aliquam doloribus molestias ad cumque. Consequatur accusantium dignissimos placeat exercitationem temporibus amet.', 652, 9, 2),
(127, '2020-08-12 10:18:58', '2020-08-12 10:18:58', 'et', 'Odio et et numquam quos. Molestias dignissimos qui libero autem harum veniam fuga possimus. Rerum molestias illo cumque expedita excepturi nihil. Eos consequatur expedita porro voluptate nihil quisquam alias.', 294, 9, 8),
(128, '2020-08-12 10:18:58', '2020-08-12 10:18:58', 'qui', 'Facilis officiis et error fugit qui fugit. Sit omnis eum dicta ea et doloribus. Ut sint ab inventore quibusdam exercitationem sint. Nihil aut animi veritatis quia quam dolorem sed fuga. Ipsa ipsam placeat totam iste aut consequuntur.', 257, 4, 3),
(129, '2020-08-12 10:18:58', '2020-08-12 10:18:58', 'voluptas', 'Exercitationem culpa ea voluptatem reprehenderit ut harum. Ipsa voluptas reiciendis qui dolore.', 436, 0, 16),
(130, '2020-08-12 10:18:58', '2020-08-12 10:18:58', 'voluptates', 'Minima autem nostrum quae nihil accusantium harum illum. Odit sed esse similique iste tempora quo perspiciatis dolor. Voluptatem ea maiores sint cumque autem.', 526, 2, 11),
(131, '2020-08-12 10:18:58', '2020-08-12 10:18:58', 'ad', 'Est totam aut reprehenderit praesentium quidem nesciunt minima. Facilis illum corrupti quo voluptatem neque numquam quis. Alias ratione debitis unde sapiente quos. Qui cupiditate nesciunt animi neque.', 695, 0, 3),
(132, '2020-08-12 10:18:58', '2020-08-12 10:18:58', 'et', 'In dicta adipisci occaecati temporibus sint dolor. Similique ab optio qui aut eveniet doloribus necessitatibus.', 166, 8, 16),
(133, '2020-08-12 10:18:58', '2020-08-12 10:18:58', 'soluta', 'Eos exercitationem natus voluptate dolor quod non. Recusandae autem dicta similique incidunt rerum quos vel quae. Quia at deserunt occaecati reprehenderit. Assumenda eaque reiciendis est dolorum mollitia.', 373, 3, 22),
(134, '2020-08-12 10:18:58', '2020-08-12 10:18:58', 'enim', 'Magni ipsa enim velit aut dolor quis maiores. Iste officiis velit eligendi et et. Quam eaque quam commodi. Excepturi itaque nobis consectetur voluptas distinctio incidunt nihil.', 307, 8, 10),
(135, '2020-08-12 10:18:58', '2020-08-12 10:18:58', 'omnis', 'Quibusdam non voluptatum at optio quia et maxime sunt. Voluptates sint rerum ipsum et. Fugit ipsum odio nisi est et hic. Rerum et quis enim et.', 362, 1, 11),
(136, '2020-08-12 10:18:58', '2020-08-12 10:18:58', 'aliquam', 'Sit fuga nisi commodi. Sunt nobis fuga qui iusto. Commodi voluptates rerum sed et eos voluptas. Atque ducimus ut ea enim iusto aspernatur assumenda. Alias veritatis natus ab rem qui dolor sapiente aut.', 267, 8, 15),
(137, '2020-08-12 10:18:58', '2020-08-12 10:18:58', 'aut', 'Optio omnis similique nisi magni commodi qui quia. Saepe vitae pariatur nisi nihil assumenda modi. Sed iusto aspernatur sit voluptatum sit. Temporibus ducimus molestias est debitis repudiandae quia quam et.', 752, 9, 2),
(138, '2020-08-12 10:18:58', '2020-08-12 10:18:58', 'harum', 'Ut dicta aut tempore sequi. Inventore exercitationem adipisci quam cumque. Ut sunt qui quas voluptas accusantium. Consequatur ipsa nihil qui facere quo id.', 712, 8, 6),
(139, '2020-08-12 10:18:58', '2020-08-12 10:18:58', 'enim', 'Id rerum ducimus accusantium praesentium fugiat qui. Blanditiis necessitatibus ducimus qui tenetur.', 325, 2, 15),
(140, '2020-08-12 10:18:58', '2020-08-12 10:18:58', 'quia', 'Aut dicta molestias id voluptatem nemo repudiandae. Repellat minus mollitia aut culpa deleniti. Eligendi qui veniam qui. Tempora at ratione non ut nam.', 305, 8, 3),
(141, '2020-08-12 10:18:59', '2020-08-12 10:18:59', 'dolorum', 'Quia ipsum adipisci nesciunt laborum et. Perferendis vel et quis aperiam voluptas itaque commodi. Dolorem voluptates velit earum occaecati et. Quo quisquam quod molestias distinctio quod non sequi.', 627, 2, 2),
(142, '2020-08-12 10:18:59', '2020-08-12 10:18:59', 'vitae', 'Minus qui aut voluptatum est et et vel. Dolores iusto quia maiores consequatur. Facere aut sequi hic rerum nemo sit sed.', 836, 6, 23),
(143, '2020-08-12 10:18:59', '2020-08-12 10:18:59', 'nihil', 'Aut harum et odit odit qui repellat quis. Dolorum sed earum laborum assumenda ipsum eos aperiam consequatur. Ea earum odit incidunt autem. Consequatur est est quos quis necessitatibus explicabo est ut.', 713, 6, 10),
(144, '2020-08-12 10:18:59', '2020-08-12 10:18:59', 'ipsam', 'Aut odit in aut vel at. In fuga possimus fuga autem impedit. Maiores alias est ducimus saepe.', 349, 2, 28),
(145, '2020-08-12 10:18:59', '2020-08-12 10:18:59', 'officia', 'Delectus soluta ut commodi qui. Adipisci qui magnam nostrum veniam autem nam dolores. Sunt quam suscipit iste. Id impedit harum aut.', 645, 4, 26),
(146, '2020-08-12 10:18:59', '2020-08-12 10:18:59', 'itaque', 'Voluptatem modi voluptatem autem accusamus iusto quis facere. Repellendus vel voluptatem rerum minima dolores non. Odio sed modi quia sed eum maiores excepturi.', 479, 9, 23),
(147, '2020-08-12 10:18:59', '2020-08-12 10:18:59', 'doloremque', 'Id voluptas tempore distinctio fugit cupiditate nisi praesentium. Et eveniet sed quaerat sed sed consequatur consequatur. Debitis tempore aut distinctio. Officia suscipit fugit reprehenderit vel molestiae quia rem ut.', 430, 8, 29),
(148, '2020-08-12 10:18:59', '2020-08-12 10:18:59', 'numquam', 'Et esse ea aut suscipit est. Voluptatem unde vero voluptas non. Nesciunt tempora dolorem aperiam consequuntur dolor qui nemo.', 718, 4, 6),
(149, '2020-08-12 10:18:59', '2020-08-12 10:18:59', 'voluptates', 'Dolores odit illum qui. Quis est voluptatem et enim. Unde in itaque repudiandae.', 834, 6, 3),
(150, '2020-08-12 10:18:59', '2020-08-12 10:18:59', 'et', 'Qui omnis dolorum illum qui. Explicabo cupiditate ut quam quidem officia et molestias vel. Sint exercitationem error quisquam et adipisci rerum. Corrupti aut itaque libero.', 359, 6, 7);

-- --------------------------------------------------------

--
-- Table structure for table `reviews`
--

CREATE TABLE `reviews` (
  `id` int(10) UNSIGNED NOT NULL,
  `created_at` timestamp NULL DEFAULT NULL,
  `updated_at` timestamp NULL DEFAULT NULL,
  `product_id` int(10) UNSIGNED NOT NULL,
  `customer` varchar(255) COLLATE utf8mb4_unicode_ci NOT NULL,
  `review` text COLLATE utf8mb4_unicode_ci NOT NULL,
  `star` int(11) NOT NULL
) ENGINE=InnoDB DEFAULT CHARSET=utf8mb4 COLLATE=utf8mb4_unicode_ci;

--
-- Dumping data for table `reviews`
--

INSERT INTO `reviews` (`id`, `created_at`, `updated_at`, `product_id`, `customer`, `review`, `star`) VALUES
(1, '2020-08-12 10:19:00', '2020-08-12 10:19:00', 142, 'Irving Kessler', 'Sapiente voluptas dolore non voluptates sint consequatur a. Accusamus ut libero doloribus magni. Nisi voluptatem nostrum cupiditate rerum accusantium eligendi dolores. Consequatur aut fugit aut alias autem in sed.', 4),
(2, '2020-08-12 10:19:00', '2020-08-12 10:19:00', 106, 'Astrid Thompson', 'Aliquid praesentium nobis voluptatem recusandae et quos laborum ullam. Modi natus rerum dignissimos ut nesciunt dolores et. Architecto sit ea molestias nihil aut.', 1),
(3, '2020-08-12 10:19:00', '2020-08-12 10:19:00', 21, 'Prof. Tobin Medhurst MD', 'Iusto nihil rerum recusandae labore. Quo mollitia cupiditate sunt hic. Ut voluptates molestias nemo dolorum suscipit tempore maxime.', 0),
(4, '2020-08-12 10:19:00', '2020-08-12 10:19:00', 44, 'Trace Terry', 'Enim deleniti ab ipsum expedita. Dolor ipsa et occaecati velit assumenda reiciendis.', 1),
(5, '2020-08-12 10:19:00', '2020-08-12 10:19:00', 125, 'Antwan Hane III', 'Voluptas aliquam numquam dolorem aut. Consequuntur quidem nostrum suscipit et at placeat omnis. Ipsa voluptates magni ut veritatis. Officia qui sit et labore minus quo.', 4),
(6, '2020-08-12 10:19:00', '2020-08-12 10:19:00', 131, 'Nettie Mante', 'Sint dolore ut nihil et eligendi. Enim nulla dolorem dolores aut enim repudiandae et. Dolorum recusandae natus tempora eos fugit culpa consectetur. Pariatur qui ex a excepturi accusantium cupiditate.', 5),
(7, '2020-08-12 10:19:00', '2020-08-12 10:19:00', 147, 'Orin Nader MD', 'Fugit porro illum rerum pariatur et. Soluta et et rerum itaque praesentium modi. Dolor quae nobis sed neque similique maiores.', 3),
(8, '2020-08-12 10:19:00', '2020-08-12 10:19:00', 93, 'Makayla Dietrich III', 'Quod non quasi et enim quasi velit ut. Quasi deserunt doloribus corrupti repellendus enim doloremque. Perferendis necessitatibus cum dolorum vel cumque qui aut veritatis. Aliquam minus nulla fugiat sint saepe ipsum.', 2),
(9, '2020-08-12 10:19:00', '2020-08-12 10:19:00', 11, 'Hannah Marquardt', 'Animi fugit voluptatem dolor nihil. Iusto itaque commodi quia eos. Neque soluta occaecati cumque iure.', 4),
(10, '2020-08-12 10:19:00', '2020-08-12 10:19:00', 41, 'Juanita Koepp', 'Ab cumque repellat quaerat labore impedit dolorem fugit. Odio unde veritatis officiis animi quia dolorum laborum. Ut asperiores vel voluptatum ea fugit ipsa. Reiciendis qui quas animi ex suscipit animi.', 2),
(11, '2020-08-12 10:19:00', '2020-08-12 10:19:00', 147, 'Monroe Ankunding MD', 'Enim illum fuga autem hic alias perspiciatis modi. Ea vero a quia nostrum. Ad voluptatem consequatur commodi dolore. Aut qui sint est corrupti sed et.', 5),
(12, '2020-08-12 10:19:00', '2020-08-12 10:19:00', 144, 'Santos Rippin', 'Cumque nemo molestias ea. Quia ut in officia aliquid earum eaque. Aliquam mollitia et sapiente unde doloribus sed blanditiis.', 1),
(13, '2020-08-12 10:19:00', '2020-08-12 10:19:00', 129, 'Thad Koelpin', 'Et ut aut unde labore placeat. Natus dolorem voluptatum nemo rem. Laudantium et aut illo ex.', 5),
(14, '2020-08-12 10:19:00', '2020-08-12 10:19:00', 100, 'Lazaro Langworth', 'Ullam non est ex voluptates vel quos suscipit. Recusandae qui alias id hic facere. Deserunt et consequatur aspernatur doloremque. Enim dolore enim veritatis cumque aliquid.', 0),
(15, '2020-08-12 10:19:00', '2020-08-12 10:19:00', 82, 'Ulises Gibson', 'Nobis qui et error possimus perferendis possimus. Voluptate dolorem eos amet voluptas dolorum sunt neque rerum.', 0),
(16, '2020-08-12 10:19:00', '2020-08-12 10:19:00', 46, 'Ettie Barton', 'Ullam distinctio expedita ut. Inventore commodi excepturi est totam dignissimos voluptas placeat. Eos modi sit sapiente. Repellat non voluptatem voluptates delectus non laudantium veniam similique.', 4),
(17, '2020-08-12 10:19:00', '2020-08-12 10:19:00', 2, 'Rose McGlynn DVM', 'In blanditiis maiores minima aut rem ducimus. Enim sit est recusandae dolorem ea. Sint iure in ea minima eaque. Cupiditate adipisci vero cumque esse maiores.', 1),
(18, '2020-08-12 10:19:01', '2020-08-12 10:19:01', 105, 'Walker Herman', 'Atque quos eligendi et nesciunt vitae facere accusantium. Blanditiis sit sed velit fugiat optio vel. Sunt aut totam dolorum quia dolorum et. Quis vitae omnis amet dicta est optio dolor debitis. Exercitationem voluptate quasi natus est ex.', 2),
(19, '2020-08-12 10:19:01', '2020-08-12 10:19:01', 80, 'Mr. Nickolas Mohr', 'Possimus nam error illum omnis alias eligendi esse. Et voluptatem provident quidem nemo temporibus sed. Sapiente ipsum ipsum qui voluptates.', 1),
(20, '2020-08-12 10:19:01', '2020-08-12 10:19:01', 121, 'Prof. Isobel Ondricka DVM', 'Illo enim pariatur possimus consequatur. Atque nihil cupiditate doloremque doloremque pariatur tempore dicta.', 4),
(21, '2020-08-12 10:19:01', '2020-08-12 10:19:01', 62, 'Hyman Jakubowski PhD', 'Quis non ad ut ducimus dolores. Accusantium aut sunt cumque est quo.', 4),
(22, '2020-08-12 10:19:01', '2020-08-12 10:19:01', 143, 'Dr. Colton Walter', 'Sunt sequi est in architecto in reprehenderit. Maiores culpa vel excepturi beatae ut. Modi amet suscipit et labore ex sunt doloremque. Molestias natus molestiae minima aut. Aperiam vitae sapiente at quia libero magni quo.', 2),
(23, '2020-08-12 10:19:01', '2020-08-12 10:19:01', 87, 'Izaiah Cummerata', 'Reiciendis eveniet iure qui. Iusto soluta reprehenderit ex molestiae. Non nam consectetur velit iure. Odit fuga error blanditiis odit mollitia cumque nam.', 0),
(24, '2020-08-12 10:19:01', '2020-08-12 10:19:01', 57, 'Reggie Wilkinson', 'Eum accusamus architecto dolores natus earum eius quasi. Aut dolor temporibus quis facilis labore fugit corrupti autem. Autem aut quis sint velit. Repudiandae explicabo necessitatibus quia exercitationem eaque amet qui.', 1),
(25, '2020-08-12 10:19:01', '2020-08-12 10:19:01', 99, 'Gilda Haley', 'Fugiat numquam est voluptas sequi. Deleniti in dolor numquam sit quisquam id qui. Autem et quis recusandae quos. Eum consectetur reiciendis repudiandae voluptatum sed et explicabo et.', 3),
(26, '2020-08-12 10:19:01', '2020-08-12 10:19:01', 141, 'Mr. Conner Green IV', 'Voluptas praesentium voluptatibus ratione quam dolore. Quis consequuntur ipsa dolor eveniet iure omnis accusantium. Consequatur natus ut illo quas autem. Deleniti sit doloremque culpa commodi numquam illum repudiandae dignissimos.', 4),
(27, '2020-08-12 10:19:01', '2020-08-12 10:19:01', 127, 'Mrs. Ana Corwin MD', 'Aliquam illum asperiores suscipit et architecto dolor at voluptatem. Ratione saepe voluptatem quae quaerat. Quia voluptas aspernatur cumque nihil. Alias et dicta quia sunt.', 2),
(28, '2020-08-12 10:19:01', '2020-08-12 10:19:01', 77, 'Prof. Danial Kozey', 'Nemo dolorem eaque consequuntur. Et voluptatibus quisquam et quibusdam quis.', 5),
(29, '2020-08-12 10:19:01', '2020-08-12 10:19:01', 47, 'Dr. Cody Bartoletti', 'Et rerum et alias rerum ex illo. Aliquid tenetur sed vitae modi qui doloribus eaque. Dolorem facilis aliquam quia nostrum.', 2),
(30, '2020-08-12 10:19:01', '2020-08-12 10:19:01', 130, 'Darrell Boyle', 'Excepturi minima aliquam velit quas consequatur voluptatibus. Quis natus exercitationem nostrum voluptatem. Omnis repellendus in eum natus. Qui laudantium commodi ut eligendi aut voluptatem.', 4),
(31, '2020-08-12 10:19:01', '2020-08-12 10:19:01', 68, 'Dillon Morissette', 'Quod perspiciatis autem sapiente et vel voluptatem corporis. Magnam quia molestias sed id. Similique exercitationem dolore aperiam tenetur eius recusandae esse exercitationem.', 4),
(32, '2020-08-12 10:19:01', '2020-08-12 10:19:01', 119, 'Prof. Bethel Kerluke', 'Dolor non sequi iure quos et sint tenetur. Provident nihil aut eos aliquid aut accusantium perferendis. Aut omnis voluptas quas quia est repellendus.', 0),
(33, '2020-08-12 10:19:01', '2020-08-12 10:19:01', 103, 'Ms. Myah Hermann', 'Dolorum et vel enim ut cupiditate occaecati. Deleniti consectetur et libero alias ut. Aspernatur quos vero magni qui cupiditate distinctio esse.', 1),
(34, '2020-08-12 10:19:01', '2020-08-12 10:19:01', 11, 'Prof. Kameron Hintz', 'Et laborum autem ut nesciunt numquam aliquid. Doloribus nihil esse soluta voluptas dolores est sed. Tempora et amet quod ad. Alias id quod id voluptas rerum quis. Culpa quia nam et sequi.', 3),
(35, '2020-08-12 10:19:01', '2020-08-12 10:19:01', 73, 'Mrs. Ashly Yost PhD', 'Ut quisquam reiciendis dolores consequatur quasi. Quos aut necessitatibus consequatur ut. Praesentium accusantium non aspernatur itaque.', 0),
(36, '2020-08-12 10:19:01', '2020-08-12 10:19:01', 96, 'Hester Hayes PhD', 'Maxime deleniti laborum voluptatem quos in dolorum voluptatem. Qui quis nisi voluptatibus accusamus.', 2),
(37, '2020-08-12 10:19:01', '2020-08-12 10:19:01', 34, 'Dr. Melody Jones', 'Cumque libero et sed eius voluptas. Inventore cumque unde fuga sed autem modi. Modi error voluptatem dolore. Voluptatibus est libero quis commodi aliquam quibusdam aut.', 3),
(38, '2020-08-12 10:19:01', '2020-08-12 10:19:01', 61, 'Julie Little Jr.', 'Eos aperiam est rem similique sed. Non occaecati esse pariatur inventore voluptas ipsum. Dolores magni totam quia deleniti error aut quisquam.', 5),
(39, '2020-08-12 10:19:01', '2020-08-12 10:19:01', 67, 'Christelle Leuschke V', 'Et molestiae fuga dolorem repellendus eligendi laborum. Et eum eveniet tenetur et magnam omnis eos iure. Sed molestiae voluptates pariatur eos. Sequi atque doloribus rerum ut nihil quae.', 2),
(40, '2020-08-12 10:19:01', '2020-08-12 10:19:01', 114, 'Leda Grimes', 'Placeat quas qui ipsum nihil. Vitae sed laudantium suscipit blanditiis sapiente. Aut voluptate sequi omnis et repudiandae pariatur aliquid. Velit cupiditate sed totam explicabo.', 1),
(41, '2020-08-12 10:19:01', '2020-08-12 10:19:01', 45, 'Elza Marvin', 'At quod quos tempore veritatis autem vero quisquam. Fuga dolores explicabo totam dolorem aspernatur aut esse. Aut ut enim quo nulla corporis sed. Reprehenderit labore ad sint et. Pariatur id rerum possimus maxime molestiae dolore quaerat.', 0),
(42, '2020-08-12 10:19:01', '2020-08-12 10:19:01', 136, 'Prof. Victor Fadel I', 'In ullam cupiditate aperiam. Velit autem nam enim nemo voluptatem possimus. Est necessitatibus ea ut facere porro blanditiis. Officiis aut corrupti quod sit quisquam.', 3),
(43, '2020-08-12 10:19:01', '2020-08-12 10:19:01', 105, 'Rozella Satterfield', 'Culpa voluptatibus sunt magni molestias dolorem natus sed. Quos atque consequatur corrupti vero eos sit consequuntur ut. Cumque et autem harum occaecati quos nemo.', 0),
(44, '2020-08-12 10:19:01', '2020-08-12 10:19:01', 134, 'Prof. Bernie Sipes MD', 'Est eum repellat illo dolore. Sit sed quos voluptas ipsum. Illo aut libero qui hic quis beatae. Quia eos commodi consequatur. Quia asperiores dolor magni repellendus.', 0),
(45, '2020-08-12 10:19:01', '2020-08-12 10:19:01', 46, 'Dr. Rosario Kerluke', 'Repellendus voluptatum non consequatur pariatur. Rerum qui odit autem mollitia voluptates illum dicta.', 5),
(46, '2020-08-12 10:19:01', '2020-08-12 10:19:01', 8, 'Salvador Bogisich', 'Dicta nihil dolor inventore. Voluptates laudantium ex ad sequi. Asperiores necessitatibus eum eligendi est. Labore non aspernatur est modi commodi rerum labore.', 3),
(47, '2020-08-12 10:19:01', '2020-08-12 10:19:01', 89, 'Dr. Bertha Keebler', 'Qui provident ut laborum tenetur commodi atque ipsum officiis. Totam id officiis omnis. Exercitationem qui officiis earum rerum voluptatibus odio quibusdam. Rerum aperiam nostrum enim aut cumque rerum quisquam suscipit.', 3),
(48, '2020-08-12 10:19:01', '2020-08-12 10:19:01', 46, 'Sienna Kautzer', 'Quasi ea numquam illo itaque. Sit porro consequuntur sed eveniet repellat voluptatem illo. Rerum beatae quos maiores consequatur. Neque qui sit assumenda aut.', 1),
(49, '2020-08-12 10:19:01', '2020-08-12 10:19:01', 29, 'Rosalyn Schultz', 'At voluptates cumque voluptate eveniet maiores. Dolorem optio iste voluptatem reprehenderit.', 1),
(50, '2020-08-12 10:19:01', '2020-08-12 10:19:01', 96, 'Hailee Schmitt', 'Voluptas suscipit voluptas et repellat mollitia. Possimus earum aperiam quo necessitatibus iusto saepe. Illum at atque architecto quia magni autem quia fugit. Rerum rerum minima corporis voluptatem exercitationem.', 5),
(51, '2020-08-12 10:19:01', '2020-08-12 10:19:01', 46, 'Dr. Hanna Little', 'Possimus sit quia nobis nihil quaerat. Nisi assumenda enim est nihil officiis. Ipsum blanditiis voluptatem qui repellendus iusto sit qui impedit. Necessitatibus tenetur facilis soluta.', 0),
(52, '2020-08-12 10:19:01', '2020-08-12 10:19:01', 69, 'Abdiel Hayes DVM', 'Quia asperiores rerum tempore vitae expedita expedita dolor. Nihil asperiores inventore quidem iusto aliquid ducimus. Dolorum et odio natus voluptatem.', 3),
(53, '2020-08-12 10:19:02', '2020-08-12 10:19:02', 71, 'Prof. Arnaldo Kuhic III', 'Provident error quia in labore. Voluptate culpa voluptatum non fuga a voluptas maxime. Non ut consectetur consequatur ut.', 5),
(54, '2020-08-12 10:19:02', '2020-08-12 10:19:02', 138, 'Candido Runte Sr.', 'Iusto voluptas eos amet. Hic et ut molestiae aliquid inventore quo. Impedit quidem saepe veniam aut ullam repellat.', 4),
(55, '2020-08-12 10:19:02', '2020-08-12 10:19:02', 94, 'Cole Yost', 'Voluptatum molestias ullam est voluptas. Recusandae nesciunt nisi dolor nisi eveniet. Aut voluptatibus non porro quam. Hic quas voluptatibus dolores rerum eum. Incidunt dolores corrupti ut vel voluptates.', 5),
(56, '2020-08-12 10:19:02', '2020-08-12 10:19:02', 100, 'Ms. Anissa Legros V', 'Similique qui sint voluptas dolores non deserunt corporis. Repellat molestias nostrum laborum totam. Quod impedit vel consequatur. Tempora ducimus rerum ipsum architecto voluptas voluptatem aut.', 3),
(57, '2020-08-12 10:19:02', '2020-08-12 10:19:02', 50, 'Howell Crona', 'Et quaerat accusamus repellendus delectus et. Quia temporibus accusamus saepe necessitatibus inventore est. Facere culpa optio incidunt.', 0),
(58, '2020-08-12 10:19:02', '2020-08-12 10:19:02', 62, 'Jada Jacobs PhD', 'Ducimus architecto odit unde tempora quis natus. Porro ut sit adipisci voluptatem perferendis accusantium saepe. Tenetur incidunt possimus sit quidem vel doloribus iure placeat. Quia reiciendis optio autem.', 5),
(59, '2020-08-12 10:19:02', '2020-08-12 10:19:02', 141, 'Malcolm Feil', 'At qui qui error repellendus. Non repellendus eum eveniet doloribus suscipit.', 3),
(60, '2020-08-12 10:19:02', '2020-08-12 10:19:02', 70, 'Dr. Ford Batz', 'Nobis et ut accusamus qui voluptate sint quia. Ut eum maiores qui illum dignissimos. Dicta repellendus magni aut distinctio doloremque. Non iusto sit quasi debitis assumenda nesciunt.', 5),
(61, '2020-08-12 10:19:02', '2020-08-12 10:19:02', 22, 'Prof. Jaren Schaefer', 'Magnam perferendis quasi amet maxime nam ipsam. Quaerat animi explicabo et. Ut impedit ut voluptatem laborum quod et dolore. Enim nemo id qui delectus neque nostrum ipsum quae.', 3),
(62, '2020-08-12 10:19:02', '2020-08-12 10:19:02', 7, 'Eula Towne Sr.', 'Rerum sed est autem voluptates et. Nulla inventore ut velit ea et sed. Dolorum quod officia cupiditate deleniti quaerat dolorem placeat. Aut porro quae at ipsum earum nisi aliquam ut. Mollitia qui modi aut dolorem beatae hic cupiditate.', 1),
(63, '2020-08-12 10:19:02', '2020-08-12 10:19:02', 141, 'Malachi Hills', 'Dolores consectetur officiis consequatur. Sed omnis nihil pariatur amet nam non et. Vitae quasi aut et quia optio.', 5),
(64, '2020-08-12 10:19:02', '2020-08-12 10:19:02', 113, 'Dr. Jarrod Hettinger', 'Aut molestiae in corporis molestias possimus quo in. Qui unde odit vitae sit laudantium.', 1),
(65, '2020-08-12 10:19:02', '2020-08-12 10:19:02', 60, 'Nelson Wilderman', 'Blanditiis natus nobis nobis. Adipisci sit velit pariatur ipsam dolores et. Assumenda vel consequatur qui quae iure velit. Dolorem aut iure sed ex soluta occaecati.', 5),
(66, '2020-08-12 10:19:02', '2020-08-12 10:19:02', 87, 'Jayde Kutch MD', 'Omnis odio cupiditate illo molestiae. Inventore sequi odio illum est. Soluta explicabo vitae accusamus molestiae tempora et saepe.', 2),
(67, '2020-08-12 10:19:02', '2020-08-12 10:19:02', 49, 'Prof. Clark Bergstrom II', 'Amet ut dignissimos autem. Fugit illo cum repellendus eligendi voluptatem. Sint aut fuga rem quis nihil ipsam. Velit itaque earum qui eveniet.', 2),
(68, '2020-08-12 10:19:02', '2020-08-12 10:19:02', 98, 'Lila Zemlak IV', 'Porro ut ut magni nam pariatur distinctio. Qui similique doloremque sed sed veritatis. Occaecati fugiat recusandae amet perferendis in voluptatem eligendi.', 3),
(69, '2020-08-12 10:19:02', '2020-08-12 10:19:02', 147, 'Edwin Leffler', 'Omnis deleniti recusandae aperiam qui nisi sed. Voluptatum ducimus ut nesciunt quibusdam suscipit sequi doloremque. Eveniet quia unde ut eos. Omnis porro tempore molestiae excepturi.', 4),
(70, '2020-08-12 10:19:02', '2020-08-12 10:19:02', 104, 'Madeline Medhurst', 'Amet animi blanditiis quam voluptatum et. Facere quos quo ipsum minus culpa. Architecto unde ut eligendi eaque rem omnis.', 5),
(71, '2020-08-12 10:19:02', '2020-08-12 10:19:02', 87, 'Dr. Nola Bergstrom III', 'Sapiente vero sed dignissimos est veritatis quisquam qui. Voluptatum repudiandae et non modi. Sit minus illum officiis quia. Officiis hic eos libero totam sit.', 1),
(72, '2020-08-12 10:19:02', '2020-08-12 10:19:02', 45, 'Mrs. Luz Cormier II', 'Porro dicta eum voluptatibus. Aut assumenda est deserunt. Rerum repellendus quae non iusto. Eos iusto in iusto magni iusto in atque.', 3),
(73, '2020-08-12 10:19:02', '2020-08-12 10:19:02', 2, 'Prof. Darius O\'Connell', 'Ut est sequi laudantium et et non in. Earum vel numquam earum neque eum et. Qui et quo et culpa impedit. Ipsam vel et sint doloribus vel occaecati. Totam vero ipsam ipsam aut.', 2),
(74, '2020-08-12 10:19:02', '2020-08-12 10:19:02', 84, 'Prof. Clair Gleichner IV', 'Commodi dolor eum molestiae. Eaque omnis tenetur repellendus voluptatem et nisi. Earum quis dolorem earum sunt nobis ipsa excepturi.', 3),
(75, '2020-08-12 10:19:02', '2020-08-12 10:19:02', 96, 'Prof. Manley Goldner', 'Dolores voluptatem possimus sapiente numquam consequatur suscipit quia. Eos amet voluptatum nisi voluptates. Et id eos ut perspiciatis rerum ea dolor. Ullam quos nulla suscipit dolores.', 2),
(76, '2020-08-12 10:19:02', '2020-08-12 10:19:02', 108, 'Kendall Hermann DDS', 'Labore unde et non consectetur dolorem rem consectetur. Et ipsa mollitia dolorem similique beatae. Aut ut id ad et aut.', 0),
(77, '2020-08-12 10:19:02', '2020-08-12 10:19:02', 31, 'Spencer Corkery', 'In consequatur dolores sequi tempora perspiciatis. Eum repellendus dolorem aut excepturi. Alias molestiae tenetur qui ut et. Et nisi rem consectetur consectetur eligendi sint consectetur. Quia occaecati nemo consequatur rerum aliquid enim.', 5),
(78, '2020-08-12 10:19:02', '2020-08-12 10:19:02', 128, 'Helga Abernathy DVM', 'Velit dolores dolore ea quisquam tempora nisi consequatur. Sunt incidunt voluptate fuga reiciendis in. Enim fugiat vel dignissimos error.', 4),
(79, '2020-08-12 10:19:02', '2020-08-12 10:19:02', 132, 'Jocelyn Beahan', 'Nostrum ut et fuga asperiores voluptatem. Asperiores dicta nostrum voluptatem iusto est id sunt officia. Minus eaque nostrum at. Itaque iure voluptas sequi numquam quas.', 1),
(80, '2020-08-12 10:19:03', '2020-08-12 10:19:03', 76, 'Alexane Ritchie', 'Molestias veritatis nihil in perferendis consequatur et. Aperiam ab in eum nihil odio. Quibusdam ratione atque atque. Officia et qui eum impedit ex nostrum aperiam.', 5),
(81, '2020-08-12 10:19:03', '2020-08-12 10:19:03', 37, 'Zion Sanford', 'Voluptatem quae et est aperiam. Reiciendis quis in quia. Repellendus quos dicta ut. Optio sapiente officiis est doloribus.', 1),
(82, '2020-08-12 10:19:03', '2020-08-12 10:19:03', 71, 'Tevin Carroll MD', 'Tempore architecto sit sunt velit aut atque quasi inventore. Delectus sed libero deleniti illum sint. Amet voluptas est tempora est nisi quasi pariatur tempora. Distinctio beatae assumenda iure ut est accusantium cumque.', 1),
(83, '2020-08-12 10:19:03', '2020-08-12 10:19:03', 64, 'Mrs. Sabina Champlin', 'Facere sed voluptatem dicta dolor et maxime asperiores. Dolorum dolorum est distinctio nostrum temporibus sunt exercitationem praesentium. Sint iusto dolor non occaecati fugit.', 3),
(84, '2020-08-12 10:19:03', '2020-08-12 10:19:03', 128, 'Karen Pagac', 'Et reprehenderit porro fugit. Quisquam rerum molestiae laboriosam culpa. Quo aut quidem ut omnis.', 1),
(85, '2020-08-12 10:19:03', '2020-08-12 10:19:03', 5, 'Cade Sauer', 'Nam ad veritatis saepe consequuntur fugiat. Ea tenetur eaque repellat delectus. Est doloremque et illo unde. Similique minima repudiandae nesciunt id.', 3),
(86, '2020-08-12 10:19:03', '2020-08-12 10:19:03', 13, 'Desmond O\'Kon', 'Dolorem ut repudiandae est voluptatem suscipit laudantium ut. Accusantium consequatur autem ipsam nihil sint. Est excepturi sed quo. Placeat dolor et odit blanditiis incidunt illum.', 0),
(87, '2020-08-12 10:19:03', '2020-08-12 10:19:03', 41, 'Jerrold Paucek', 'Voluptatibus ea incidunt consectetur qui amet earum. Reiciendis adipisci cupiditate et molestiae. Numquam excepturi doloribus voluptas et nam ullam ut. Optio ut ut voluptas magnam placeat.', 4),
(88, '2020-08-12 10:19:03', '2020-08-12 10:19:03', 141, 'Mathilde Parker MD', 'Voluptas enim autem ut beatae excepturi expedita corporis. Voluptas consectetur omnis autem quidem consequuntur ipsum. Molestiae ipsum sed quas voluptatibus rerum ut.', 5),
(89, '2020-08-12 10:19:03', '2020-08-12 10:19:03', 2, 'Antonia Berge V', 'Voluptates maiores enim eaque rem vel qui totam. Quis eius et aut sint blanditiis. Hic eius molestias nesciunt et delectus corrupti quo.', 3),
(90, '2020-08-12 10:19:03', '2020-08-12 10:19:03', 68, 'Mr. Philip Kilback', 'Aut nemo harum ipsum magni. Aut autem consequatur in. Veniam numquam explicabo molestias.', 4),
(91, '2020-08-12 10:19:03', '2020-08-12 10:19:03', 69, 'Dave Lockman', 'Explicabo quia eaque architecto et omnis in. Magnam a aut ut libero aut mollitia. Accusamus exercitationem et in ea est facilis aliquam.', 0),
(92, '2020-08-12 10:19:03', '2020-08-12 10:19:03', 63, 'Marlin Hackett', 'Alias dolore aspernatur ut et magni esse cumque. Iusto optio aperiam mollitia. Nisi qui delectus quo et fugiat a unde. Voluptates consequatur fugiat qui. Et soluta sit ducimus qui.', 3),
(93, '2020-08-12 10:19:03', '2020-08-12 10:19:03', 77, 'Marques Franecki', 'Aut ipsam exercitationem non ut ullam et. Aut ullam similique voluptatem repudiandae repudiandae aut vel. Corporis hic ut iste quaerat qui.', 5),
(94, '2020-08-12 10:19:03', '2020-08-12 10:19:03', 117, 'Lera Lockman DDS', 'Qui ut voluptatem fugiat quo modi aut. Qui quasi officia autem aliquid quia enim. Blanditiis omnis cupiditate atque omnis placeat voluptatem porro. Quas dolor magnam dolorem inventore.', 1),
(95, '2020-08-12 10:19:03', '2020-08-12 10:19:03', 130, 'Rashad Weissnat', 'Mollitia iure architecto aut ipsam quibusdam corrupti. Earum iusto rerum consequatur corporis quasi quos nihil. Id et voluptate commodi molestiae.', 3),
(96, '2020-08-12 10:19:03', '2020-08-12 10:19:03', 19, 'Suzanne Okuneva', 'Quidem debitis perferendis illo nulla. Qui iure omnis ut odit. Natus quis consequatur eum fugiat quas blanditiis.', 4),
(97, '2020-08-12 10:19:03', '2020-08-12 10:19:03', 20, 'Houston Bartell', 'Beatae rerum inventore quia. Consequatur magnam eligendi quaerat pariatur qui perspiciatis. Debitis consequuntur deserunt debitis commodi. Sunt libero explicabo iusto qui qui.', 2),
(98, '2020-08-12 10:19:03', '2020-08-12 10:19:03', 31, 'Stanford Dibbert', 'Praesentium quibusdam quis accusamus suscipit inventore enim adipisci. Quia qui quis in aspernatur. Et vitae mollitia et doloribus libero perferendis dolorem deleniti. Distinctio alias veniam placeat officiis vero veritatis et.', 5),
(99, '2020-08-12 10:19:03', '2020-08-12 10:19:03', 2, 'Mr. Carroll Lowe DDS', 'Saepe quis sunt harum. Aperiam consequuntur harum rem similique sunt modi est. Itaque iusto debitis a est sit eius officia. Eius veniam corrupti sed officiis delectus voluptatem.', 4),
(100, '2020-08-12 10:19:03', '2020-08-12 10:19:03', 33, 'Prof. Lukas Stamm', 'Dolores iusto qui nisi labore. Inventore facilis aut culpa ab hic. Harum sapiente laudantium exercitationem est ipsa non. Tempore quidem quis consequatur quia corrupti molestias rem.', 4),
(101, '2020-08-12 10:19:03', '2020-08-12 10:19:03', 42, 'Rashad Hammes', 'Qui et non ut. Deserunt fuga laboriosam maiores dolore natus adipisci consequatur cupiditate.', 3),
(102, '2020-08-12 10:19:03', '2020-08-12 10:19:03', 27, 'Albin Hudson', 'Possimus doloremque atque et qui. Velit voluptatem ut consequuntur asperiores quis. Modi totam ut praesentium animi.', 3),
(103, '2020-08-12 10:19:03', '2020-08-12 10:19:03', 19, 'Markus Nitzsche', 'Aut est velit corporis minus est. Fugit et nobis sunt. Ipsum ratione quibusdam perferendis doloremque aut. Iste et officiis in enim a sint dolores.', 3),
(104, '2020-08-12 10:19:03', '2020-08-12 10:19:03', 76, 'Elsa Hessel', 'Voluptatibus aut animi quod quisquam. Placeat doloribus voluptatem ratione temporibus sit ullam est. Sint esse explicabo suscipit totam.', 5),
(105, '2020-08-12 10:19:03', '2020-08-12 10:19:03', 14, 'Hailee Oberbrunner', 'Aliquam explicabo laborum facere suscipit ut molestias at vitae. Facere impedit sed explicabo aliquid qui. Pariatur magnam ut non qui error veritatis.', 5),
(106, '2020-08-12 10:19:03', '2020-08-12 10:19:03', 92, 'Lupe Fahey', 'Repudiandae nesciunt minus officia et non perspiciatis sint. Placeat ex numquam autem nobis et. Reiciendis dolores sint minima quis.', 2),
(107, '2020-08-12 10:19:03', '2020-08-12 10:19:03', 39, 'Nasir Thiel', 'Et ipsum animi voluptas atque laboriosam ut occaecati. Quia sunt laborum dolorum voluptates. Quis ut neque vel tenetur.', 2),
(108, '2020-08-12 10:19:04', '2020-08-12 10:19:04', 56, 'Jeff Cummerata Jr.', 'Enim illo consectetur consequatur. Aspernatur fugit quasi facere numquam similique rerum. Unde autem omnis et quos ab eos voluptatibus.', 5),
(109, '2020-08-12 10:19:04', '2020-08-12 10:19:04', 113, 'Dr. Hilbert Gulgowski II', 'Necessitatibus dignissimos voluptatibus deserunt beatae sequi veniam fuga necessitatibus. Quod ut ut a laboriosam dolorem ut. Minima qui ipsa voluptatum sint. Tempora enim aliquam consequatur aut. Quidem non tempore sunt aliquid fugit labore accusantium.', 3),
(110, '2020-08-12 10:19:04', '2020-08-12 10:19:04', 146, 'Emilia Frami', 'Aut consectetur nisi officia quas sit deleniti tempora. Minus labore natus ut dolores recusandae sed. Quibusdam inventore ipsum id tempora. Ipsam est esse maxime alias similique laudantium.', 3),
(111, '2020-08-12 10:19:04', '2020-08-12 10:19:04', 117, 'Jaden Bashirian PhD', 'Eligendi saepe quod qui. Ab deleniti cumque ut voluptatibus quibusdam. Vero quia praesentium exercitationem numquam distinctio.', 1),
(112, '2020-08-12 10:19:04', '2020-08-12 10:19:04', 71, 'Mr. Osvaldo Bartoletti MD', 'Voluptatem molestiae fuga veritatis error odio. Expedita eligendi dolore placeat labore et. Ducimus sit dolores aliquam natus quidem.', 0),
(113, '2020-08-12 10:19:04', '2020-08-12 10:19:04', 73, 'Ms. Dayna O\'Reilly', 'Porro sit fugit est occaecati. Ipsa error eum et omnis qui cum dicta. Sit quis eaque sunt enim hic dolorem. Aliquam est repellendus labore saepe fugiat quas dolore.', 1),
(114, '2020-08-12 10:19:04', '2020-08-12 10:19:04', 138, 'Lois Kemmer', 'Alias rerum corporis ab. Et aperiam impedit in ipsam. Sunt suscipit repellendus nostrum quibusdam possimus ratione. Corporis et animi repellat dignissimos eos officia maiores doloribus.', 0),
(115, '2020-08-12 10:19:04', '2020-08-12 10:19:04', 67, 'Abraham Collins', 'Corrupti mollitia numquam a laborum repellendus mollitia. Enim modi et placeat nihil delectus. Aut omnis ratione officia deleniti est doloremque. Cumque a eius laudantium nam rem. Velit vel doloremque fugit reprehenderit vero illo assumenda.', 5),
(116, '2020-08-12 10:19:04', '2020-08-12 10:19:04', 97, 'Forrest Turner', 'Nostrum voluptatem a explicabo delectus fugiat expedita est. Aut amet officia eaque dolores ut. Et non esse molestiae saepe corrupti cupiditate vero. Aut labore quia necessitatibus iure repellat. Quia sit sit autem aperiam a.', 4),
(117, '2020-08-12 10:19:04', '2020-08-12 10:19:04', 43, 'Imelda Keebler II', 'Sit repudiandae rerum officia ut voluptatem debitis. Itaque consequatur sit dolorem quae a eum reprehenderit. Sequi quidem natus nemo. Molestias error aut quia optio et explicabo dolorum.', 0),
(118, '2020-08-12 10:19:04', '2020-08-12 10:19:04', 121, 'Lilly Davis', 'Qui quaerat eius et nobis. Ipsam velit aut architecto aliquam tenetur. Necessitatibus tempora porro distinctio labore. Laboriosam dicta totam expedita totam.', 3),
(119, '2020-08-12 10:19:04', '2020-08-12 10:19:04', 31, 'Ellsworth Ryan PhD', 'Voluptatem dolor facilis suscipit sint ab aperiam fugit. Ut omnis vel sint tempore eum maxime et voluptatem. Adipisci voluptas doloribus quisquam aut.', 0),
(120, '2020-08-12 10:19:04', '2020-08-12 10:19:04', 88, 'Cecilia Heller', 'Ratione occaecati culpa labore libero nobis consectetur voluptatem ducimus. Numquam nihil exercitationem et. Culpa molestias voluptatem nihil aut facere delectus aut. Illo quaerat ipsa aut soluta qui et.', 5),
(121, '2020-08-12 10:19:04', '2020-08-12 10:19:04', 16, 'Verlie Dickens DVM', 'Veritatis est eveniet nesciunt omnis. Enim dolorem reiciendis quia maxime possimus. Enim ipsum non non ut. Quis tempora tempora excepturi expedita.', 4),
(122, '2020-08-12 10:19:04', '2020-08-12 10:19:04', 89, 'Tavares Corkery', 'Eos nihil ducimus animi sequi ratione culpa. Impedit vel dignissimos illo qui.', 2),
(123, '2020-08-12 10:19:04', '2020-08-12 10:19:04', 118, 'Abigail Padberg', 'Tempore blanditiis recusandae sed expedita sed. Consequuntur qui dolorum quisquam fugit aut. Quia consequatur dolores et. Labore esse amet ut quis corrupti dolorem.', 2),
(124, '2020-08-12 10:19:04', '2020-08-12 10:19:04', 12, 'Ethelyn Block II', 'Vel voluptatem velit eos doloribus occaecati. Quas sed quidem dolorem rerum id. Laudantium mollitia quia blanditiis consequatur est. Illum error voluptatum blanditiis.', 4),
(125, '2020-08-12 10:19:04', '2020-08-12 10:19:04', 115, 'Imogene Nader', 'Perspiciatis non reprehenderit debitis voluptatibus ex voluptas libero. Quis et est aut numquam non sint voluptas. Tempora nihil odio ut. Magnam ullam magni error laboriosam optio. Rem et iusto officia qui.', 0),
(126, '2020-08-12 10:19:04', '2020-08-12 10:19:04', 60, 'Stacey Schmitt', 'Et enim modi ut consequatur. Quis officiis est corporis quos vel suscipit sint. Sit occaecati minima hic eum sit corrupti ex. Ipsam minima consequatur voluptas a eligendi sed.', 2),
(127, '2020-08-12 10:19:04', '2020-08-12 10:19:04', 126, 'Heath Huel', 'Aperiam voluptatem vero nobis vero incidunt est ex. Mollitia cum amet ab suscipit. Tempore eum ut totam aut beatae nihil quo.', 0),
(128, '2020-08-12 10:19:04', '2020-08-12 10:19:04', 130, 'Reese Quitzon', 'Accusamus et nisi mollitia. Ullam maxime nulla dolorem et distinctio voluptate. Voluptatem eum neque suscipit aut ut.', 0),
(129, '2020-08-12 10:19:04', '2020-08-12 10:19:04', 90, 'Reyna Hane II', 'Corrupti dolores veritatis et esse. Sed provident quo aut quas voluptatem pariatur. Omnis aut ipsum et dolorem corrupti. Vitae dolorem et maxime rerum.', 1),
(130, '2020-08-12 10:19:04', '2020-08-12 10:19:04', 128, 'Dr. Dell Little II', 'Iusto nam consequatur aut ut nostrum. Quo dicta et et autem facere.', 1),
(131, '2020-08-12 10:19:04', '2020-08-12 10:19:04', 122, 'Walton Frami', 'Recusandae voluptatum ut labore qui laboriosam dicta totam dolores. Et dolorem quis cum ex repellendus qui et. Eligendi quibusdam nihil sit voluptatum vel debitis pariatur totam.', 1),
(132, '2020-08-12 10:19:04', '2020-08-12 10:19:04', 119, 'Kyler Graham', 'Reprehenderit odio consectetur dignissimos libero. Architecto vel minus eius adipisci assumenda cumque hic. Ex quam sunt sequi. Quaerat cupiditate impedit accusamus sunt dolor laborum accusamus.', 5),
(133, '2020-08-12 10:19:04', '2020-08-12 10:19:04', 96, 'Prof. Winifred Williamson II', 'Est accusantium quia sequi laborum. Repellat sed ut porro error fugit commodi. Doloremque eum fugiat blanditiis ea et quia. Dolores adipisci eum sed sunt laudantium facilis nobis dolor.', 4),
(134, '2020-08-12 10:19:04', '2020-08-12 10:19:04', 130, 'Mr. Oda Kutch III', 'Est sint temporibus error qui neque et tenetur. Adipisci ut beatae velit corporis omnis repudiandae. Quisquam pariatur consequuntur amet aut asperiores quia.', 0),
(135, '2020-08-12 10:19:04', '2020-08-12 10:19:04', 40, 'Rhea Rodriguez', 'Amet dolorem veritatis voluptatem sed veniam beatae vitae. Hic exercitationem in eos reprehenderit explicabo porro. Et architecto sit placeat ducimus et.', 1),
(136, '2020-08-12 10:19:04', '2020-08-12 10:19:04', 147, 'Justina Kuhic', 'Quas libero vero consequatur qui possimus qui maiores sit. Ipsa voluptatem incidunt iure enim nulla assumenda. Doloribus blanditiis eum animi veritatis vel eos nostrum. Inventore debitis accusantium animi neque voluptas non.', 5),
(137, '2020-08-12 10:19:04', '2020-08-12 10:19:04', 25, 'Dahlia Konopelski', 'Velit deleniti qui itaque quasi perferendis hic nemo. Omnis id ab aut consectetur natus voluptatem. Ad distinctio architecto sit voluptatem blanditiis ea quasi.', 2),
(138, '2020-08-12 10:19:04', '2020-08-12 10:19:04', 63, 'Ayden Lowe', 'Voluptatum amet consequatur nostrum quia dolores fuga. Qui ipsum dignissimos rem nihil. Nihil temporibus sit maxime exercitationem dolorem. Quia consequatur voluptatum quia nihil iste.', 0),
(139, '2020-08-12 10:19:05', '2020-08-12 10:19:05', 15, 'Cassie Weimann', 'Aut sunt ea cum quo debitis. Unde quo doloribus magnam delectus saepe molestias ea. Enim numquam est id qui totam asperiores. Et quidem aperiam quibusdam quia corporis exercitationem nemo.', 2),
(140, '2020-08-12 10:19:05', '2020-08-12 10:19:05', 18, 'Lizzie Hirthe', 'Magnam totam quisquam nobis ut totam quisquam distinctio. Vel fugit explicabo cum et minima cum itaque.', 5),
(141, '2020-08-12 10:19:05', '2020-08-12 10:19:05', 42, 'Zelma Eichmann', 'Hic asperiores ut praesentium. Facilis in quae commodi corrupti fuga exercitationem. Quam nostrum consequatur blanditiis dignissimos nam et nihil quos. Suscipit voluptates eveniet nemo veritatis molestiae at itaque. Illo nobis occaecati quidem reiciendis sapiente molestias.', 3),
(142, '2020-08-12 10:19:05', '2020-08-12 10:19:05', 126, 'Jayce Fritsch', 'Ipsa et asperiores voluptate impedit. Dicta qui ut veritatis tempore. Dolores veniam explicabo consectetur inventore nulla quod. In et officia vel.', 1),
(143, '2020-08-12 10:19:05', '2020-08-12 10:19:05', 46, 'Mrs. Claire Hessel', 'A neque laudantium ut. Ut sit voluptatum exercitationem voluptatem quasi qui. Perferendis officiis expedita dolorum ullam dolorum vero et sit. Iure enim sunt incidunt debitis.', 2),
(144, '2020-08-12 10:19:05', '2020-08-12 10:19:05', 103, 'Audrey Lynch', 'Necessitatibus provident consequuntur dignissimos possimus aut libero. Doloremque placeat deleniti quo. Velit officia ea sed quibusdam fugiat consequuntur voluptatum. Fugiat accusantium officia delectus suscipit esse. Voluptas doloribus eos minima fugit fugit.', 2),
(145, '2020-08-12 10:19:05', '2020-08-12 10:19:05', 123, 'Amparo Senger', 'Ducimus consequatur repellendus soluta sit aliquid quo et. Minus vel vel soluta excepturi sed. Et laborum et consequuntur quia qui. Ex quas eos temporibus eos voluptates ullam adipisci.', 0),
(146, '2020-08-12 10:19:05', '2020-08-12 10:19:05', 116, 'Lina Steuber', 'Rerum rerum vel eligendi maiores ut sit repellendus. Sed at dolorem assumenda a. Maiores eum saepe omnis expedita commodi sequi.', 0),
(147, '2020-08-12 10:19:05', '2020-08-12 10:19:05', 101, 'Cathrine Yost II', 'Aut quia rem iure qui autem. Cum eaque ut sed molestiae et saepe sit aut. Qui et molestiae sapiente voluptas quam. Nisi excepturi repudiandae dignissimos voluptatem omnis aut.', 2),
(148, '2020-08-12 10:19:05', '2020-08-12 10:19:05', 121, 'Annalise Stoltenberg', 'Itaque deleniti officia at adipisci maxime non et. Et sit vitae corporis aut nihil autem. Porro sint dolorum et molestiae quisquam nihil atque. Vero maxime beatae laboriosam et distinctio expedita.', 3),
(149, '2020-08-12 10:19:05', '2020-08-12 10:19:05', 68, 'Royce Welch II', 'Quisquam dolorem omnis rerum rerum. Inventore et sit dolorem sed. Libero aspernatur veniam velit odio harum aut aperiam.', 2),
(150, '2020-08-12 10:19:05', '2020-08-12 10:19:05', 45, 'Prof. Lavon Heathcote', 'Dignissimos omnis nemo quia nulla. Dolorem sint quo aut sed. Est repellat accusamus eius explicabo reprehenderit earum sed non.', 1),
(151, '2020-08-12 10:19:05', '2020-08-12 10:19:05', 116, 'Kaleb Heathcote', 'Rerum enim et impedit suscipit enim pariatur. Consequatur pariatur aut magni aperiam. Fugiat quis eos eos harum.', 2),
(152, '2020-08-12 10:19:05', '2020-08-12 10:19:05', 107, 'Grady Welch', 'Tempore et id ad autem dicta sunt sed. Labore iusto consequuntur corporis dolor. Eum aut possimus et vero consequatur.', 4),
(153, '2020-08-12 10:19:05', '2020-08-12 10:19:05', 115, 'Keven Barton', 'Aut tenetur et saepe. Architecto rerum ut animi accusamus voluptates dolore. Et fugit aut quidem optio.', 2),
(154, '2020-08-12 10:19:05', '2020-08-12 10:19:05', 71, 'Mariana Kihn', 'In dolor vel illum quo dignissimos et soluta natus. Iste fugit a consequatur. Qui reiciendis aperiam atque ad excepturi laborum non.', 5),
(155, '2020-08-12 10:19:05', '2020-08-12 10:19:05', 43, 'Luella Quitzon', 'Vero assumenda laboriosam et neque dignissimos voluptates. Porro nobis dolore vel non voluptatum labore dolorum. Sit facere fugit perferendis autem rerum velit. Magnam dolorem consequuntur nam nulla facere laudantium expedita.', 3),
(156, '2020-08-12 10:19:06', '2020-08-12 10:19:06', 139, 'Mrs. Christa Bernier', 'Mollitia minus est rerum quas tempora quisquam. Velit quam esse sed deleniti officia. At tempora id voluptates saepe sed est voluptatem.', 5),
(157, '2020-08-12 10:19:06', '2020-08-12 10:19:06', 63, 'Dr. Garth McCullough', 'Animi expedita cupiditate quaerat esse. Repellat voluptatem itaque nobis ratione molestiae. Odio tempore sint qui velit.', 2),
(158, '2020-08-12 10:19:06', '2020-08-12 10:19:06', 51, 'Dereck Predovic', 'Totam suscipit numquam reprehenderit possimus. Veniam tenetur dolore inventore tempora nisi.', 5),
(159, '2020-08-12 10:19:06', '2020-08-12 10:19:06', 24, 'Susan Metz Jr.', 'Ea ea beatae magni ex labore quia est mollitia. Quo velit est mollitia ex quia deserunt. Et nemo cupiditate autem alias error. Eveniet voluptatem consequatur quasi.', 5),
(160, '2020-08-12 10:19:06', '2020-08-12 10:19:06', 121, 'Aurelia Gutkowski', 'Illo qui repellat mollitia iste. Ea sit aut sequi itaque.', 4),
(161, '2020-08-12 10:19:06', '2020-08-12 10:19:06', 105, 'Ona Davis', 'Odit aut magnam dolores deleniti similique voluptas modi. Accusamus iusto molestiae debitis sed pariatur excepturi et sequi. Eaque eaque dolorum excepturi aspernatur quis laborum. Cum qui totam hic ex ut et.', 2),
(162, '2020-08-12 10:19:06', '2020-08-12 10:19:06', 69, 'Jessika Hartmann Jr.', 'Adipisci dolore deserunt et esse in culpa. Ullam explicabo qui non minus. Eum tempora ab ut sint ducimus voluptas.', 2),
(163, '2020-08-12 10:19:06', '2020-08-12 10:19:06', 125, 'Ms. Ramona Boehm', 'Consequatur et totam laborum optio doloribus qui tempore. Ut dolor a id. Repellat incidunt omnis velit quas voluptatem. Quis quidem voluptates eius ea explicabo impedit possimus. Eum expedita nesciunt aut accusantium error.', 1),
(164, '2020-08-12 10:19:06', '2020-08-12 10:19:06', 52, 'Kiara Daugherty', 'Dolor fugiat eveniet voluptate cumque magnam vitae in. Aliquid consequatur est consequatur distinctio et est praesentium. Aut non omnis voluptatum nemo deleniti consectetur alias praesentium.', 5),
(165, '2020-08-12 10:19:06', '2020-08-12 10:19:06', 25, 'Ms. Pink Bradtke', 'Voluptatem et sit ipsum enim fugiat saepe in. Voluptas doloribus et voluptas nulla qui consequatur autem et. Nostrum voluptatum esse accusantium dolore amet mollitia. Velit natus vel quo laborum quis. Excepturi ea vero nihil reprehenderit ut ut quae.', 4),
(166, '2020-08-12 10:19:06', '2020-08-12 10:19:06', 118, 'Daniela Kassulke PhD', 'Officiis non quae velit laborum soluta est et sed. Repellat aliquid amet id voluptas. Eum sequi et quas et. Qui exercitationem ut omnis nobis at. Non veniam recusandae laudantium sint modi aliquam dolorem.', 0),
(167, '2020-08-12 10:19:06', '2020-08-12 10:19:06', 11, 'Elton Lakin', 'In laboriosam illum enim et. Laborum et totam doloremque autem. Voluptatem quaerat incidunt a repellendus.', 3),
(168, '2020-08-12 10:19:06', '2020-08-12 10:19:06', 40, 'Madilyn Smitham', 'Dignissimos rerum dolorum sed voluptas harum. Voluptas iure rerum molestias exercitationem. Consectetur aspernatur nam commodi et culpa est.', 1),
(169, '2020-08-12 10:19:06', '2020-08-12 10:19:06', 27, 'Dr. Amira Berge III', 'Sit exercitationem alias earum iure a. Impedit consequatur aut perspiciatis nemo delectus. Provident soluta dolorum voluptas iste aliquam.', 3),
(170, '2020-08-12 10:19:06', '2020-08-12 10:19:06', 101, 'Odessa Grady', 'Sint animi quidem deleniti tempora. Mollitia minus reiciendis ullam quasi id et et. Nobis eveniet nobis quas cupiditate. Dolores mollitia eligendi sunt sint rerum.', 2),
(171, '2020-08-12 10:19:06', '2020-08-12 10:19:06', 108, 'Dr. Cloyd Jacobi PhD', 'Excepturi vitae exercitationem sint. Quo quis quas et quos iure dolorum. Voluptatem quia iusto doloribus ea quo totam. Vero quod voluptatem velit excepturi.', 5),
(172, '2020-08-12 10:19:06', '2020-08-12 10:19:06', 135, 'Albertha Brakus', 'Voluptatem aut laborum id rerum. Velit harum inventore voluptatem quas occaecati et. Rem inventore expedita aperiam. Deleniti nam odit assumenda quae ut.', 4),
(173, '2020-08-12 10:19:06', '2020-08-12 10:19:06', 8, 'Prof. Maude Sauer Sr.', 'Numquam enim non qui amet. Cum est et molestiae sit eum dolores ut. Omnis omnis explicabo dolorum ratione nihil architecto.', 4),
(174, '2020-08-12 10:19:06', '2020-08-12 10:19:06', 145, 'King Hintz II', 'Omnis necessitatibus sit iste voluptas autem adipisci. Ut libero soluta unde assumenda cumque atque accusamus. Aliquam est tempore ipsam rerum sit. Magni beatae amet non.', 0),
(175, '2020-08-12 10:19:07', '2020-08-12 10:19:07', 147, 'Neil Larkin DVM', 'Sapiente voluptates atque ullam et excepturi id et. Iure debitis maiores et qui corrupti debitis culpa. Qui vero rerum ea et aliquam ea a ex. Nihil harum vitae ex quas ex.', 1),
(176, '2020-08-12 10:19:07', '2020-08-12 10:19:07', 25, 'Daisha Cassin', 'Tempore et soluta saepe neque dicta. A sed est dolor dolorum qui. Veritatis sint minima vel quo rem aliquid eum saepe. Optio rerum deleniti ratione ratione.', 1),
(177, '2020-08-12 10:19:07', '2020-08-12 10:19:07', 143, 'Rex Koepp IV', 'Officiis neque quis accusamus blanditiis eos qui. Et consequatur distinctio cupiditate fugiat voluptatum consequatur. Architecto animi rem culpa ut voluptas.', 4),
(178, '2020-08-12 10:19:07', '2020-08-12 10:19:07', 7, 'Wanda Waters', 'Incidunt consectetur et suscipit eaque inventore repellat. Quaerat veniam qui sunt et ipsa. Aliquid exercitationem eum quam error asperiores. Necessitatibus aut et modi ut praesentium sunt. Qui laudantium occaecati quae ut alias.', 1),
(179, '2020-08-12 10:19:07', '2020-08-12 10:19:07', 100, 'Miss Rubie Durgan IV', 'Autem ipsum minima et ex. Quia placeat nihil consequatur ipsa molestias.', 3),
(180, '2020-08-12 10:19:07', '2020-08-12 10:19:07', 106, 'Kailee Powlowski', 'Incidunt ratione qui nesciunt porro qui voluptatem voluptates. Nobis quaerat eos debitis quod laudantium minima exercitationem. Nobis soluta optio perspiciatis vero aperiam a. Consequatur molestiae nihil aliquid et.', 3),
(181, '2020-08-12 10:19:07', '2020-08-12 10:19:07', 110, 'Theresia Brakus', 'Modi maxime ratione nostrum consequatur molestias qui iusto et. Sed mollitia illo quia adipisci vero. Non atque ab et odio commodi expedita et rerum. Nemo et soluta sequi temporibus eum aperiam voluptas est. Libero quibusdam ab nobis laboriosam voluptatem fugit.', 3),
(182, '2020-08-12 10:19:07', '2020-08-12 10:19:07', 142, 'Abbey Zulauf', 'Error placeat nulla illo eveniet et velit ullam. Dolorem mollitia quam ipsa repudiandae nemo quia. Ab asperiores doloribus delectus et voluptatem ratione magnam. Quia labore a aut.', 4),
(183, '2020-08-12 10:19:07', '2020-08-12 10:19:07', 61, 'Miss Rossie Zboncak I', 'Ab iusto porro odio et veniam numquam magnam ut. Eligendi reiciendis voluptatem cum ut libero voluptates. Ea ea ratione animi eos tenetur dolore. Velit non maiores in laborum ipsum exercitationem et asperiores.', 2),
(184, '2020-08-12 10:19:07', '2020-08-12 10:19:07', 26, 'Elva Gutmann', 'Dolor unde est et dignissimos nihil autem. Ut quam ea non animi omnis.', 1),
(185, '2020-08-12 10:19:07', '2020-08-12 10:19:07', 90, 'Hank Lowe', 'Mollitia velit unde impedit quidem cum beatae. Illo id minima id molestiae totam quas. Vel voluptatem et nulla nam et architecto assumenda.', 4),
(186, '2020-08-12 10:19:07', '2020-08-12 10:19:07', 73, 'Nikki Trantow', 'Harum eius id laborum praesentium. Dignissimos modi necessitatibus impedit saepe aliquam quia. Expedita vel ut qui delectus beatae qui totam at. Aliquid et enim veniam error eius aut non.', 1),
(187, '2020-08-12 10:19:07', '2020-08-12 10:19:07', 5, 'Dalton Erdman', 'Odit voluptatum dolores cumque omnis deleniti. Eos dolores est perspiciatis et. Id recusandae est sunt error mollitia. Vel minima quidem maxime voluptas ea ea veritatis.', 0),
(188, '2020-08-12 10:19:07', '2020-08-12 10:19:07', 44, 'Burdette Kirlin', 'Pariatur officia ipsa veritatis fugit. Libero suscipit facere ipsam aliquid rerum. Odit aut quia consequatur assumenda aut quia qui. Animi sit enim ipsam doloribus dolorum sed impedit.', 2),
(189, '2020-08-12 10:19:07', '2020-08-12 10:19:07', 125, 'Merlin Senger', 'Enim et nihil omnis hic non nihil. Maiores voluptas incidunt ut ut corporis et. Nobis dolorem rerum qui id voluptas ullam. Nihil ut ut et sed itaque praesentium quos.', 5),
(190, '2020-08-12 10:19:07', '2020-08-12 10:19:07', 20, 'Terrence Ratke II', 'Veniam ad excepturi est veniam autem. Voluptas a omnis pariatur eveniet magni. Aperiam eum est qui. Perspiciatis necessitatibus tempore soluta nisi. Voluptatem maxime enim id voluptas ab ex.', 4),
(191, '2020-08-12 10:19:07', '2020-08-12 10:19:07', 66, 'June Monahan', 'Repellendus ea quis rerum sit qui voluptatem. Dolorem dicta libero perspiciatis sed. Molestias non quo asperiores omnis nostrum beatae. Dolores sed alias at porro fugiat.', 1),
(192, '2020-08-12 10:19:07', '2020-08-12 10:19:07', 88, 'Antonina Morar', 'Et porro praesentium quae sit. Facere rem voluptas fugit laborum voluptas ad recusandae.', 4),
(193, '2020-08-12 10:19:07', '2020-08-12 10:19:07', 129, 'Zachery Skiles', 'Vitae temporibus dolores pariatur earum ut. Molestias possimus ea odit nulla eum. Et repellat sit et.', 2),
(194, '2020-08-12 10:19:07', '2020-08-12 10:19:07', 45, 'Mr. Thurman Schowalter Jr.', 'Esse rerum et veritatis ut autem exercitationem optio. Et sunt voluptatem accusantium nemo. Placeat nesciunt repudiandae eos odio inventore dolore maiores recusandae. Aut hic perspiciatis facere eos.', 2),
(195, '2020-08-12 10:19:07', '2020-08-12 10:19:07', 62, 'Prof. Clovis Rippin III', 'Et amet quod doloribus cum repellat consequatur. Consequatur similique molestiae voluptas non et. Recusandae aliquam excepturi molestiae dolores.', 1),
(196, '2020-08-12 10:19:07', '2020-08-12 10:19:07', 68, 'Wilber Denesik', 'Rerum eligendi animi nemo fuga quibusdam doloremque. Dolores et molestiae dolorem accusantium. Sit eos ad et est tempore pariatur. Ut consequatur exercitationem vel sint.', 1),
(197, '2020-08-12 10:19:07', '2020-08-12 10:19:07', 105, 'Bridget Howell DVM', 'Eum labore veritatis magnam. Quis similique dolor ut ut et. Qui dolor optio odit molestiae consectetur.', 5),
(198, '2020-08-12 10:19:07', '2020-08-12 10:19:07', 142, 'Colten Wisozk Sr.', 'Exercitationem deleniti sed ipsum veritatis nam dolor consectetur. Cumque quas asperiores perferendis et et aspernatur reiciendis. Cum repudiandae a omnis vel. Nobis alias fugit placeat minima occaecati.', 1),
(199, '2020-08-12 10:19:07', '2020-08-12 10:19:07', 139, 'Prof. Marco Predovic V', 'Sed sapiente consequatur sit. Occaecati et aut quo perferendis laboriosam facilis nam.', 2),
(200, '2020-08-12 10:19:07', '2020-08-12 10:19:07', 114, 'Gilbert Pouros', 'Iusto quia ea ad vel et consequuntur autem. Et saepe dolorem illum et occaecati. In minus quis molestias pariatur alias molestiae dignissimos. Officia quidem ut saepe consequatur suscipit in cumque.', 0),
(201, '2020-08-12 10:19:07', '2020-08-12 10:19:07', 70, 'Prof. Cesar Johnson V', 'Reprehenderit tempore voluptate aperiam cumque itaque totam. Et autem quia quisquam quia rerum nulla. Error et voluptas est a nobis corporis et.', 5),
(202, '2020-08-12 10:19:08', '2020-08-12 10:19:08', 116, 'Bella Koss', 'Ipsum consequuntur quos cumque animi eum perspiciatis maiores. Similique ducimus nulla excepturi est esse voluptate. Et dolorem nihil perspiciatis fuga.', 5),
(203, '2020-08-12 10:19:08', '2020-08-12 10:19:08', 128, 'Deontae Fritsch', 'Voluptatibus iure similique in sint. Quia maiores expedita fuga tempore omnis distinctio sint. Explicabo molestiae non dolore qui voluptatem.', 0),
(204, '2020-08-12 10:19:08', '2020-08-12 10:19:08', 68, 'Dr. Bessie Greenholt', 'Ut odio consequuntur aspernatur consequatur amet aut odio. Cupiditate qui nisi non excepturi cumque fuga consequatur. Eius nisi perspiciatis aliquam doloremque deserunt.', 0),
(205, '2020-08-12 10:19:08', '2020-08-12 10:19:08', 61, 'Judd Corkery', 'Sunt voluptatum omnis omnis possimus alias ut. Rerum dolor minus repudiandae harum. Nemo eligendi sed laborum sequi qui. Odio magnam ipsam ea eaque ex ad maxime modi.', 2),
(206, '2020-08-12 10:19:08', '2020-08-12 10:19:08', 149, 'Dr. Vergie Conroy', 'In debitis ullam rerum qui vero totam et. Est nisi ut impedit ut rem voluptate ea. Quia explicabo animi neque enim fugit voluptatem et. Officiis quia est aut et dolore dolorum quas. Quibusdam aut quis consequatur in.', 3),
(207, '2020-08-12 10:19:08', '2020-08-12 10:19:08', 23, 'Dr. Lambert Bernier', 'Accusamus eligendi reiciendis laboriosam earum expedita soluta. Repellat qui consequatur rerum reiciendis illo omnis officia. Dolor vel ab magni ullam dicta et.', 4);
INSERT INTO `reviews` (`id`, `created_at`, `updated_at`, `product_id`, `customer`, `review`, `star`) VALUES
(208, '2020-08-12 10:19:08', '2020-08-12 10:19:08', 88, 'Dr. Will Mosciski', 'Vel in impedit nihil quia ullam vel. Eos dignissimos voluptatum corrupti doloremque. Tempora fuga architecto deserunt molestias a. Maxime natus et repellat ipsa magnam voluptas.', 3),
(209, '2020-08-12 10:19:08', '2020-08-12 10:19:08', 108, 'Dr. Esmeralda Kris', 'Ea magnam laborum quia accusamus distinctio laudantium dolor. Est quis nisi vel sint. Ratione corporis ut voluptas at suscipit repellat. Cumque a possimus qui minima minima fugit.', 3),
(210, '2020-08-12 10:19:08', '2020-08-12 10:19:08', 26, 'Joey Hettinger', 'In quas placeat aut nam dolor quis. Sit velit consequatur fugit voluptas veniam et. Et accusantium incidunt dolorem error et labore voluptatibus. Tenetur reprehenderit deleniti aut explicabo laboriosam voluptatem.', 2),
(211, '2020-08-12 10:19:08', '2020-08-12 10:19:08', 72, 'Miss Destiny Emard', 'Fugiat at ducimus quas necessitatibus ut. Aut et voluptas excepturi vel. Delectus voluptas qui in modi in. Quam unde est labore beatae voluptas.', 5),
(212, '2020-08-12 10:19:08', '2020-08-12 10:19:08', 63, 'Abner Witting', 'Autem aut labore quia dolores enim. Nulla dolorum qui dignissimos. Quod est autem qui possimus ad. Dignissimos ullam consequatur omnis aspernatur repudiandae.', 2),
(213, '2020-08-12 10:19:08', '2020-08-12 10:19:08', 141, 'Deron Larson', 'Id illum voluptatem hic et nisi porro. At earum consequuntur corrupti aspernatur ut odio qui. Aut sed modi suscipit sunt.', 5),
(214, '2020-08-12 10:19:08', '2020-08-12 10:19:08', 70, 'Prof. Halie Fahey PhD', 'Voluptatibus animi eaque minus ut dignissimos aut dolores. Aut nam minus illo ipsum. Autem consectetur dolores voluptas laudantium repellat illum.', 5),
(215, '2020-08-12 10:19:08', '2020-08-12 10:19:08', 101, 'Estel Abernathy', 'Facere iure non voluptate nostrum et. Minima qui consectetur velit. Porro tempore reiciendis facere nesciunt cupiditate maiores quia. Aut eum aut dolor et. Natus est aspernatur quos harum earum.', 2),
(216, '2020-08-12 10:19:08', '2020-08-12 10:19:08', 2, 'Prof. Clifton Hirthe', 'Rerum unde voluptatem quia dolores et. Id est similique quod repellat. Itaque quae in facere aliquid aperiam recusandae eos.', 5),
(217, '2020-08-12 10:19:08', '2020-08-12 10:19:08', 30, 'Ms. Josefa Skiles I', 'Ipsam illo reprehenderit eveniet in molestias. Tenetur nesciunt eaque eos sit. Facilis eligendi porro et omnis.', 4),
(218, '2020-08-12 10:19:08', '2020-08-12 10:19:08', 65, 'Mr. Delaney Buckridge', 'Esse eligendi dolor voluptatem quisquam. Molestiae blanditiis corporis quasi aperiam. Voluptatem molestiae molestias neque mollitia voluptatem.', 5),
(219, '2020-08-12 10:19:08', '2020-08-12 10:19:08', 100, 'Triston Ernser', 'Ex at fugit et quia. Hic perspiciatis sint voluptate laudantium doloremque natus. Nesciunt corrupti sed iure voluptas et praesentium. Eligendi omnis nobis cumque autem molestiae.', 0),
(220, '2020-08-12 10:19:08', '2020-08-12 10:19:08', 104, 'Mr. Nikko Heller', 'Dolor explicabo quaerat doloremque dolorem dolore aut. Eum voluptatum voluptatem cum voluptas. Nesciunt temporibus voluptates maiores necessitatibus et. Et fuga et non quae aut sapiente rerum dolores. Placeat est accusamus praesentium.', 1),
(221, '2020-08-12 10:19:08', '2020-08-12 10:19:08', 4, 'Richmond Predovic', 'Ad non non nihil inventore vel eum explicabo. Temporibus velit pariatur reiciendis fugit minus sunt omnis. Ut ducimus sequi dolorem aut quo. Voluptatem similique suscipit odit tempore quia ratione.', 2),
(222, '2020-08-12 10:19:08', '2020-08-12 10:19:08', 114, 'Brooks Ziemann', 'Quibusdam ut voluptatem vero eos magni quia quos. Minus et blanditiis omnis ut earum fuga velit ea. Itaque ea dignissimos neque est.', 3),
(223, '2020-08-12 10:19:08', '2020-08-12 10:19:08', 109, 'Alyson Zemlak', 'Rerum atque quia maxime. Similique perspiciatis cumque id non. Ea quia ut architecto at consectetur sit facere. Saepe perferendis sed eaque laborum perferendis sequi molestiae quam. Excepturi quae architecto sapiente dolores tempore voluptatem.', 1),
(224, '2020-08-12 10:19:08', '2020-08-12 10:19:08', 82, 'Clementine Ritchie', 'Sint reiciendis adipisci corrupti magnam accusantium reiciendis inventore. Natus sunt explicabo aut laudantium perferendis ut ab. Ad ut omnis cum porro. Id tempore accusantium est ipsum.', 4),
(225, '2020-08-12 10:19:08', '2020-08-12 10:19:08', 106, 'Dewayne Pfeffer', 'Possimus numquam et dolores tempora ut magni ex. Reprehenderit odio perspiciatis aut voluptas aliquid in. Laudantium numquam molestiae labore explicabo facilis culpa. Qui hic ad ipsa iusto iste.', 0),
(226, '2020-08-12 10:19:08', '2020-08-12 10:19:08', 18, 'Ewell Harvey', 'Porro nihil temporibus doloremque cupiditate porro ad nemo. Ducimus harum quis adipisci placeat. Dolorem minus ullam vel delectus. Autem ut nostrum at.', 1),
(227, '2020-08-12 10:19:08', '2020-08-12 10:19:08', 44, 'Mr. Morton Hoeger', 'Esse vitae enim velit veritatis et voluptatum voluptatem. Magni quia laborum eos omnis. Et delectus qui quibusdam et mollitia. Et qui deleniti est eligendi similique fugit. Nulla et hic eligendi omnis eveniet fugiat sapiente.', 5),
(228, '2020-08-12 10:19:08', '2020-08-12 10:19:08', 134, 'Mr. Austen Walter', 'Sit illum temporibus consequatur dolores. Aspernatur ab voluptatem ut reprehenderit. Corporis temporibus tempora minus amet quisquam. Nobis corporis vero voluptatem optio qui.', 4),
(229, '2020-08-12 10:19:08', '2020-08-12 10:19:08', 66, 'Melyssa Hilpert DVM', 'Et harum non repellendus nostrum ullam aliquam. Sit ea ipsa possimus dicta commodi. Voluptatem ipsum sunt fugit est fugit suscipit distinctio. Ab animi maiores laudantium nemo quis. Vel autem quasi fuga nam.', 0),
(230, '2020-08-12 10:19:09', '2020-08-12 10:19:09', 57, 'Deon Kshlerin', 'Similique incidunt maxime eum ex voluptas quasi et nihil. Voluptatem in aperiam quia rerum atque voluptas. Vel nemo illo magni.', 0),
(231, '2020-08-12 10:19:09', '2020-08-12 10:19:09', 32, 'Hildegard Shields', 'Aspernatur earum in error quia dolor beatae. Commodi quia rerum non corporis. Sit praesentium nihil et animi. Sint eum qui quos error.', 1),
(232, '2020-08-12 10:19:09', '2020-08-12 10:19:09', 105, 'Mr. Ethan Funk', 'Est nisi aut minus nostrum vel quo mollitia. Unde et neque aliquid dignissimos blanditiis. Magnam tempore eum quas omnis optio fugit sint. Ex dignissimos quia aut optio autem aut tempore. Aut ratione similique eos iure corporis quia.', 0),
(233, '2020-08-12 10:19:09', '2020-08-12 10:19:09', 87, 'Mrs. Zula Ryan II', 'Odit eveniet consequuntur esse in id sed culpa. Placeat unde autem quas minus. Cumque debitis natus illo quasi perspiciatis dolor. Quisquam et dolore quis placeat impedit dolore magnam.', 0),
(234, '2020-08-12 10:19:09', '2020-08-12 10:19:09', 34, 'Darrin Quitzon', 'Quo quos modi deserunt. Ipsam accusamus architecto occaecati ut cum et magni. In illum est praesentium dolores dolorum quia quod.', 4),
(235, '2020-08-12 10:19:09', '2020-08-12 10:19:09', 115, 'Mr. Rudy Kutch DVM', 'Aut ullam omnis dicta numquam quasi occaecati. Consequuntur nobis eos sed facilis quia et quia. Placeat aut ullam ut atque iusto. Consequuntur aperiam deserunt mollitia eligendi ut.', 3),
(236, '2020-08-12 10:19:09', '2020-08-12 10:19:09', 60, 'Blaise Armstrong', 'Deleniti quis possimus ducimus aspernatur. Harum fuga consequatur qui. Odio quia qui temporibus tenetur tempora placeat porro. Et repellat animi ut sit deserunt sequi aut.', 1),
(237, '2020-08-12 10:19:09', '2020-08-12 10:19:09', 72, 'Dr. Twila Wisoky', 'Modi molestiae soluta itaque commodi enim. Animi qui a qui quia incidunt distinctio ducimus. Ratione dolorum ipsam accusantium hic eum autem quam. Quisquam cum debitis omnis et.', 4),
(238, '2020-08-12 10:19:09', '2020-08-12 10:19:09', 24, 'Juwan Conroy', 'Voluptas qui aliquid consequuntur et. Animi aut ut tempora incidunt. Qui illum repellat soluta molestiae. Ut non quae repellat.', 2),
(239, '2020-08-12 10:19:09', '2020-08-12 10:19:09', 144, 'Jacey Dooley', 'Inventore est aliquam nihil ut aut blanditiis sed autem. Dolorem occaecati quis ipsum nesciunt aliquam libero illum. Dolorem pariatur sit rerum ipsum quidem excepturi natus placeat. Minima sit suscipit mollitia ut suscipit aut sed laudantium.', 3),
(240, '2020-08-12 10:19:09', '2020-08-12 10:19:09', 73, 'Orie Mueller DVM', 'Quia eius a porro molestias voluptatem dolore odio. Quia dolor sint corrupti voluptatem minima. Et consectetur in mollitia et maxime sit rem atque.', 2),
(241, '2020-08-12 10:19:09', '2020-08-12 10:19:09', 80, 'Coty Rippin', 'Ea at quam cum quidem earum. Eaque modi cupiditate itaque rerum. Consequatur delectus natus deleniti aut accusantium animi.', 0),
(242, '2020-08-12 10:19:09', '2020-08-12 10:19:09', 44, 'Melvina Dooley V', 'Modi omnis quos fuga quas dolorem. Neque cupiditate est in omnis harum voluptas. Est ut repellat natus sit repudiandae recusandae.', 2),
(243, '2020-08-12 10:19:09', '2020-08-12 10:19:09', 106, 'Harvey Satterfield I', 'Voluptas rem quia iure sit accusamus. Facere enim quas quaerat. Quo possimus quod earum ducimus consectetur nisi. Illum et dignissimos magnam temporibus.', 5),
(244, '2020-08-12 10:19:09', '2020-08-12 10:19:09', 62, 'Miss Kirstin Murphy DVM', 'Expedita dignissimos odit unde tempore voluptatem mollitia ipsa sint. Veniam a amet id voluptas consequatur occaecati nobis velit. Nostrum dolorum nulla qui hic est aut commodi. Expedita et perferendis voluptate quos autem eum.', 1),
(245, '2020-08-12 10:19:09', '2020-08-12 10:19:09', 121, 'Carmen Rath', 'Totam neque molestias mollitia voluptas praesentium omnis. Nemo sed quam sequi incidunt ex nisi rerum expedita. Minima praesentium sequi enim omnis. Et est sint quod quam sit autem distinctio.', 1),
(246, '2020-08-12 10:19:09', '2020-08-12 10:19:09', 118, 'Noemie Fahey', 'Odit et ut similique eum provident vero consectetur. Minima voluptatem et in accusamus at modi. Ut corporis unde modi.', 1),
(247, '2020-08-12 10:19:09', '2020-08-12 10:19:09', 141, 'Dr. Brycen Cartwright', 'Illum dolor a sint nostrum omnis saepe. Id possimus modi molestias itaque et qui. Quia quo et excepturi voluptate labore incidunt.', 4),
(248, '2020-08-12 10:19:09', '2020-08-12 10:19:09', 138, 'Dr. Dax Gleichner', 'Laboriosam voluptas repellendus voluptate aperiam est. Voluptatem recusandae accusamus quia. Quia dicta numquam sunt rem.', 4),
(249, '2020-08-12 10:19:09', '2020-08-12 10:19:09', 111, 'Mrs. Mylene Skiles', 'Delectus id quia omnis repellendus non accusamus. Iste ut asperiores saepe delectus aut quis totam. Magnam voluptatem neque architecto explicabo expedita.', 0),
(250, '2020-08-12 10:19:10', '2020-08-12 10:19:10', 69, 'Jarrod Brakus DVM', 'Laboriosam laboriosam excepturi accusantium consectetur eaque quaerat sed voluptates. Veniam reprehenderit esse nihil ipsam eos rem esse. Velit ratione dolorum in.', 2),
(251, '2020-08-12 10:19:10', '2020-08-12 10:19:10', 112, 'Prof. Javon Krajcik II', 'Voluptate sequi molestiae optio animi iure. Dicta eligendi at sit quia praesentium sunt ut doloremque. Consequatur possimus illum sed sunt molestiae et ut. Occaecati suscipit eaque officiis.', 2),
(252, '2020-08-12 10:19:10', '2020-08-12 10:19:10', 103, 'Verona Blanda', 'Qui aut cupiditate aut eveniet hic. Qui quas dolor maiores voluptatum assumenda pariatur aut. Quisquam aut voluptas ut voluptatibus harum. Magni rerum ex incidunt laudantium.', 1),
(253, '2020-08-12 10:19:10', '2020-08-12 10:19:10', 61, 'Verda Price II', 'Est officiis non beatae qui. Iste est alias aut distinctio architecto sit voluptates.', 5),
(254, '2020-08-12 10:19:10', '2020-08-12 10:19:10', 27, 'Arely Streich', 'Consequuntur ut impedit ipsam. Voluptas laudantium sed aut voluptatibus consequatur. Esse est inventore tempora voluptatem.', 1),
(255, '2020-08-12 10:19:10', '2020-08-12 10:19:10', 49, 'Prof. Merritt Aufderhar', 'Dolor ut deserunt dicta voluptas expedita corrupti dolores. Neque et in asperiores. Consequatur delectus libero repellat dolores ut perspiciatis voluptates.', 3),
(256, '2020-08-12 10:19:10', '2020-08-12 10:19:10', 27, 'Dr. Ellsworth Sauer', 'Fugiat vel aut est dolor ut. Qui dolor earum nemo. Maiores totam sed molestiae quam aut. Illum delectus minus eligendi et nisi.', 1),
(257, '2020-08-12 10:19:10', '2020-08-12 10:19:10', 119, 'Samson Hyatt', 'Animi temporibus dolore voluptatem tenetur et asperiores. Aperiam qui voluptatibus cumque ducimus distinctio culpa.', 4),
(258, '2020-08-12 10:19:10', '2020-08-12 10:19:10', 139, 'Melyna Emmerich', 'Eum quibusdam in ut quae. Nemo quibusdam suscipit est mollitia. Amet harum doloribus quis dolores quibusdam eos dolorum porro. Quo velit expedita velit in delectus.', 4),
(259, '2020-08-12 10:19:10', '2020-08-12 10:19:10', 30, 'Prof. Stella Schuppe', 'Sint aut quas dolores dolor cumque. Aliquam odit in veniam ea quo. Ad quos odio quaerat inventore necessitatibus nesciunt impedit.', 1),
(260, '2020-08-12 10:19:10', '2020-08-12 10:19:10', 145, 'Reanna Lang', 'Qui nesciunt aut enim et necessitatibus. Odio rerum est omnis repellendus. Aspernatur veritatis odio similique et. Eum explicabo et laboriosam molestiae commodi.', 1),
(261, '2020-08-12 10:19:10', '2020-08-12 10:19:10', 102, 'Mertie Wehner', 'Quo suscipit sint veniam aut doloribus animi consequatur nobis. Totam suscipit eos distinctio consequatur consequuntur at et. Reprehenderit minima voluptas officia omnis aliquam. Repellat sunt laboriosam illo non officiis quia. Atque porro qui qui.', 0),
(262, '2020-08-12 10:19:10', '2020-08-12 10:19:10', 69, 'Olen Jerde', 'Excepturi aut corrupti qui iure similique officia molestias. Aut perspiciatis possimus deserunt possimus. Quas eum provident ut.', 3),
(263, '2020-08-12 10:19:10', '2020-08-12 10:19:10', 109, 'Miss Julianne Gutmann PhD', 'Corrupti vitae rerum et qui odio aperiam impedit. Eaque qui dignissimos nisi ex quidem.', 5),
(264, '2020-08-12 10:19:10', '2020-08-12 10:19:10', 36, 'Prof. Lon Stamm III', 'Sit voluptatem vel ipsum est aspernatur. Qui sit et qui repellendus. Molestiae porro possimus et molestiae. Aut repellat ex voluptatem rerum voluptatem.', 3),
(265, '2020-08-12 10:19:10', '2020-08-12 10:19:10', 41, 'Alize Hessel III', 'Ut neque ullam incidunt est magni. Labore sequi atque nisi recusandae. Suscipit ullam autem sint doloremque.', 1),
(266, '2020-08-12 10:19:10', '2020-08-12 10:19:10', 143, 'Loyal Lindgren', 'Ea facere nesciunt porro sit beatae. Quia quam rerum unde est dolor. Quia dolor est non deserunt ut beatae.', 1),
(267, '2020-08-12 10:19:10', '2020-08-12 10:19:10', 136, 'Prof. Bradley Bergnaum MD', 'Voluptatem dolores sapiente qui molestiae dolor corporis. Magni quasi eos provident molestias laborum quia itaque autem. Numquam dicta dolorum nihil explicabo. Et molestiae tempore velit aut.', 1),
(268, '2020-08-12 10:19:10', '2020-08-12 10:19:10', 96, 'Arielle Durgan', 'Consectetur non quam non. Molestiae commodi sequi aut rerum id. Totam ea dignissimos qui. Eaque excepturi cumque cumque omnis sed delectus voluptatem ipsa.', 4),
(269, '2020-08-12 10:19:10', '2020-08-12 10:19:10', 21, 'Brook Shanahan', 'Similique deserunt veniam quidem quibusdam porro occaecati nihil sit. Corrupti ipsam deleniti et atque sed. Eum labore sint iusto ut. Voluptas earum fugit sit.', 1),
(270, '2020-08-12 10:19:10', '2020-08-12 10:19:10', 71, 'Bobby Braun', 'A nulla sint voluptatem provident rerum optio nobis cumque. Nihil culpa quia quisquam vel ab quidem. Non ut ea beatae quis at corrupti.', 2),
(271, '2020-08-12 10:19:11', '2020-08-12 10:19:11', 99, 'Vance Hermann', 'Qui error quo ut qui similique. Ratione voluptatum dolorem adipisci.', 2),
(272, '2020-08-12 10:19:11', '2020-08-12 10:19:11', 68, 'Grayce O\'Hara', 'Necessitatibus enim et et facilis et suscipit dolores. Omnis voluptates non repellendus cum reiciendis. Nemo est ducimus dignissimos ab dolorem autem.', 4),
(273, '2020-08-12 10:19:11', '2020-08-12 10:19:11', 13, 'Yadira Gutkowski I', 'Iusto et commodi fugiat laudantium voluptate id quia similique. In et possimus qui. Accusamus quos eaque autem magnam beatae excepturi. Omnis molestias error velit aliquam odio.', 0),
(274, '2020-08-12 10:19:11', '2020-08-12 10:19:11', 91, 'Isom Smitham I', 'Culpa facere voluptates est temporibus inventore. Voluptatem voluptatum libero eos. Dolorem dolorum ipsum debitis praesentium impedit. Aspernatur asperiores deserunt occaecati at.', 4),
(275, '2020-08-12 10:19:11', '2020-08-12 10:19:11', 82, 'Karlie Dicki', 'Et laborum quo explicabo. Ad soluta qui provident saepe praesentium perferendis. Maiores ipsa consequatur qui ea. Sequi harum dolores dicta omnis temporibus qui quod doloribus.', 2),
(276, '2020-08-12 10:19:11', '2020-08-12 10:19:11', 89, 'Hubert Littel', 'Temporibus consequatur ut perferendis magnam eum. Qui doloribus rem dolor amet. Nam eaque sed sapiente sint quaerat et quo.', 1),
(277, '2020-08-12 10:19:11', '2020-08-12 10:19:11', 36, 'Mrs. Crystel VonRueden II', 'Non qui rerum voluptatum impedit et quisquam eos libero. Aut numquam sapiente occaecati vero facilis porro et. Excepturi nam et enim asperiores.', 1),
(278, '2020-08-12 10:19:11', '2020-08-12 10:19:11', 147, 'Aubrey Hirthe', 'Non placeat est dolore vel dicta soluta. Animi in exercitationem dolor perferendis et rerum. Occaecati eum repellat vero fuga. Ea aut quos est vero non quia harum.', 2),
(279, '2020-08-12 10:19:11', '2020-08-12 10:19:11', 125, 'Lauren Schiller', 'Itaque doloremque cumque omnis vitae. Culpa vel earum consequatur nihil. Dolor maiores officia quia rerum velit sit. Rem et iusto adipisci aut.', 4),
(280, '2020-08-12 10:19:11', '2020-08-12 10:19:11', 3, 'Dr. Alfredo Kirlin Sr.', 'Facere voluptatem odit repudiandae eos dolores. Non corporis minima rem. Reiciendis repudiandae sed debitis ratione eos mollitia placeat. Quisquam molestiae quod accusantium atque.', 3),
(281, '2020-08-12 10:19:11', '2020-08-12 10:19:11', 105, 'Mrs. Nikki Cruickshank', 'Iusto similique unde non aut aut itaque ad. Corporis eius similique et. Provident sit itaque ut molestias qui vel.', 1),
(282, '2020-08-12 10:19:11', '2020-08-12 10:19:11', 55, 'Johnny Mosciski', 'Atque consequatur accusantium id animi sequi occaecati distinctio a. Reprehenderit debitis labore magni omnis omnis aut eos consequuntur. Velit qui voluptatem nemo pariatur. Dolore quia suscipit aliquam reiciendis.', 1),
(283, '2020-08-12 10:19:11', '2020-08-12 10:19:11', 127, 'Cassie Schmitt PhD', 'Quia rerum et dignissimos voluptates dolor. Repellat neque rem magni distinctio sed expedita soluta inventore. Ipsa ut eum est.', 4),
(284, '2020-08-12 10:19:11', '2020-08-12 10:19:11', 105, 'Mr. Wilber Swift', 'Sed iure odit et. Et dolorem ab earum porro alias. Voluptates eum iure aut aut quo.', 5),
(285, '2020-08-12 10:19:11', '2020-08-12 10:19:11', 67, 'Ardella Dicki', 'Quia quis tenetur ratione laudantium minima perspiciatis dignissimos. Molestiae qui eveniet at placeat sint quasi. Ut est et nisi laboriosam eius laboriosam.', 3),
(286, '2020-08-12 10:19:11', '2020-08-12 10:19:11', 30, 'Lydia Yost', 'Sint illo consequuntur corrupti praesentium optio maxime et. Iusto et itaque facilis sequi. Incidunt enim et excepturi voluptate impedit saepe architecto distinctio. Odio doloribus iste repellat rerum.', 4),
(287, '2020-08-12 10:19:11', '2020-08-12 10:19:11', 27, 'Zula Nader', 'Suscipit dolores quibusdam consectetur vitae. Voluptatibus temporibus numquam et nulla occaecati ab fuga. Ea repellat nihil sit impedit placeat repudiandae. Nam eos aperiam qui laboriosam nihil.', 3),
(288, '2020-08-12 10:19:11', '2020-08-12 10:19:11', 40, 'Carmelo DuBuque', 'Exercitationem illum dolor hic iusto fuga est. Doloribus deserunt eos iure incidunt voluptas. Magni ratione illo earum quidem.', 2),
(289, '2020-08-12 10:19:11', '2020-08-12 10:19:11', 132, 'Kelsi Predovic', 'Praesentium optio est voluptas et et dolor magnam. Quo sunt vero quidem. Modi qui repudiandae velit repellendus consequuntur. Corporis rem beatae quam ab iure.', 3),
(290, '2020-08-12 10:19:11', '2020-08-12 10:19:11', 144, 'Anjali Dibbert', 'Incidunt doloribus dolores amet cupiditate. Tempora esse est libero temporibus eos architecto ut. Laudantium culpa cumque eius enim.', 3),
(291, '2020-08-12 10:19:12', '2020-08-12 10:19:12', 125, 'Dr. Milo Treutel DVM', 'Rerum voluptas voluptas repellendus possimus. Optio quos optio nemo necessitatibus doloremque sit repellendus.', 5),
(292, '2020-08-12 10:19:12', '2020-08-12 10:19:12', 6, 'Miss Ora Shanahan', 'Blanditiis voluptate eligendi commodi expedita alias doloremque. Ut est non nemo laborum ea praesentium.', 1),
(293, '2020-08-12 10:19:12', '2020-08-12 10:19:12', 34, 'Brett Kohler', 'Aut et possimus aperiam esse a voluptatem. Quia magni hic voluptas accusamus natus libero molestiae quisquam. Ducimus velit in sunt ut ut placeat vel. Impedit laborum et corrupti deserunt molestiae. Ducimus dolores labore neque delectus.', 1),
(294, '2020-08-12 10:19:12', '2020-08-12 10:19:12', 38, 'Mr. Nicholaus Koelpin III', 'Consequuntur eligendi et omnis sit reiciendis. A nostrum possimus vitae possimus ab et. Ipsam voluptatem laborum nemo dolorem. Ullam voluptatum consectetur porro facilis molestiae.', 1),
(295, '2020-08-12 10:19:12', '2020-08-12 10:19:12', 61, 'Jazmyn Bashirian', 'Autem ut recusandae consectetur omnis et error possimus. Qui exercitationem necessitatibus harum magni fuga ut. Fugit explicabo aut enim.', 5),
(296, '2020-08-12 10:19:12', '2020-08-12 10:19:12', 143, 'Candice Langosh', 'Id iste quaerat pariatur ad minus et. Sed et et voluptatem error et id ut. Et dignissimos maxime suscipit qui. Aut nemo asperiores consequatur nisi provident quidem repellendus.', 2),
(297, '2020-08-12 10:19:12', '2020-08-12 10:19:12', 47, 'Guiseppe Harris', 'Aut distinctio unde enim. Exercitationem consequatur aut vitae sunt dolorem est aut. In earum molestiae enim voluptatem dolor voluptatibus et laudantium. Voluptas perferendis culpa fuga sint.', 1),
(298, '2020-08-12 10:19:12', '2020-08-12 10:19:12', 109, 'Dr. Rasheed Botsford', 'Ad deleniti quod odit nihil facilis. Ullam sunt sit sit temporibus ut. Placeat explicabo et magnam qui.', 5),
(299, '2020-08-12 10:19:12', '2020-08-12 10:19:12', 124, 'Mr. Graham Hessel', 'Perferendis laboriosam blanditiis alias fuga praesentium a. Repellendus error et molestiae nihil optio. Et et sed deleniti consequatur. Laudantium id et porro cum.', 2),
(300, '2020-08-12 10:19:12', '2020-08-12 10:19:12', 67, 'Georgette Bednar', 'Impedit assumenda praesentium sed. Ea error deserunt est omnis. In ut quo cumque expedita quia reprehenderit ea.', 2);

-- --------------------------------------------------------

--
-- Table structure for table `users`
--

CREATE TABLE `users` (
  `id` bigint(20) UNSIGNED NOT NULL,
  `name` varchar(255) COLLATE utf8mb4_unicode_ci NOT NULL,
  `email` varchar(255) COLLATE utf8mb4_unicode_ci NOT NULL,
  `email_verified_at` timestamp NULL DEFAULT NULL,
  `password` varchar(255) COLLATE utf8mb4_unicode_ci NOT NULL,
  `remember_token` varchar(100) COLLATE utf8mb4_unicode_ci DEFAULT NULL,
  `created_at` timestamp NULL DEFAULT NULL,
  `updated_at` timestamp NULL DEFAULT NULL
) ENGINE=InnoDB DEFAULT CHARSET=utf8mb4 COLLATE=utf8mb4_unicode_ci;

--
-- Indexes for dumped tables
--

--
-- Indexes for table `failed_jobs`
--
ALTER TABLE `failed_jobs`
  ADD PRIMARY KEY (`id`);

--
-- Indexes for table `migrations`
--
ALTER TABLE `migrations`
  ADD PRIMARY KEY (`id`);

--
-- Indexes for table `password_resets`
--
ALTER TABLE `password_resets`
  ADD KEY `password_resets_email_index` (`email`);

--
-- Indexes for table `products`
--
ALTER TABLE `products`
  ADD PRIMARY KEY (`id`);

--
-- Indexes for table `reviews`
--
ALTER TABLE `reviews`
  ADD PRIMARY KEY (`id`),
  ADD KEY `reviews_product_id_index` (`product_id`);

--
-- Indexes for table `users`
--
ALTER TABLE `users`
  ADD PRIMARY KEY (`id`),
  ADD UNIQUE KEY `users_email_unique` (`email`);

--
-- AUTO_INCREMENT for dumped tables
--

--
-- AUTO_INCREMENT for table `failed_jobs`
--
ALTER TABLE `failed_jobs`
  MODIFY `id` bigint(20) UNSIGNED NOT NULL AUTO_INCREMENT;

--
-- AUTO_INCREMENT for table `migrations`
--
ALTER TABLE `migrations`
  MODIFY `id` int(10) UNSIGNED NOT NULL AUTO_INCREMENT, AUTO_INCREMENT=7;

--
-- AUTO_INCREMENT for table `products`
--
ALTER TABLE `products`
  MODIFY `id` int(10) UNSIGNED NOT NULL AUTO_INCREMENT, AUTO_INCREMENT=151;

--
-- AUTO_INCREMENT for table `reviews`
--
ALTER TABLE `reviews`
  MODIFY `id` int(10) UNSIGNED NOT NULL AUTO_INCREMENT, AUTO_INCREMENT=301;

--
-- AUTO_INCREMENT for table `users`
--
ALTER TABLE `users`
  MODIFY `id` bigint(20) UNSIGNED NOT NULL AUTO_INCREMENT;

--
-- Constraints for dumped tables
--

--
-- Constraints for table `reviews`
--
ALTER TABLE `reviews`
  ADD CONSTRAINT `reviews_product_id_foreign` FOREIGN KEY (`product_id`) REFERENCES `products` (`id`) ON DELETE CASCADE;
COMMIT;

/*!40101 SET CHARACTER_SET_CLIENT=@OLD_CHARACTER_SET_CLIENT */;
/*!40101 SET CHARACTER_SET_RESULTS=@OLD_CHARACTER_SET_RESULTS */;
/*!40101 SET COLLATION_CONNECTION=@OLD_COLLATION_CONNECTION */;
